{"type": "FeatureCollection", "features": [{"type": "Feature", "properties": {"name": "Ceuta"}, "geometry": {"type": "Polygon", "coordinates": [[[-5.36710602018044, 35.9175686634438], [-5.36712629874968, 35.9176088016835], [-5.36711406549214, 35.9176406099072], [-5.3670778768609, 35.9176683469704], [-5.3670827367466, 35.9177155863838], [-5.36704367530308, 35.9177298681291], [-5.36699445211709, 35.9177398662949], [-5.36694859941005, 35.9177813285147], [-5.3669109806609, 35.9178203921157], [-5.36691587917414, 35.9178698445191], [-5.36694078137214, 35.9179279425963], [-5.36695930912488, 35.9179433832231], [-5.36701515918272, 35.9179129653891], [-5.36709799732663, 35.9178910637557], [-5.36714530799939, 35.9178405455653], [-5.36719553999346, 35.917794495704], [-5.36728986489492, 35.9176934839029], [-5.36735053980414, 35.9176156788434], [-5.36740887729701, 35.9175401326305], [-5.36746053491743, 35.9175188601914], [-5.36750419843012, 35.9175089718519], [-5.36754453368469, 35.9174788994191], [-5.36760452407769, 35.9174236288535], [-5.36766138024865, 35.9173684208154], [-5.36774098445757, 35.9173194962734], [-5.3678583843837, 35.9172496003804], [-5.36795064226171, 35.91719819494], [-5.36805290018544, 35.9171669008915], [-5.3681540648595, 35.9171333391656], [-5.36825206566708, 35.917075064446], [-5.36833961457637, 35.9170034804989], [-5.36843765940141, 35.9169587396806], [-5.36856107624337, 35.9169180001819], [-5.36861710596427, 35.9168921202076], [-5.36873865251377, 35.9168221184469], [-5.36887852739005, 35.91675176014], [-5.36890636438408, 35.9167218933072], [-5.36898033885109, 35.9166821474779], [-5.36908119809794, 35.9166283190275], [-5.36917061999457, 35.9165837285938], [-5.36929841342856, 35.9165383778757], [-5.36942424673861, 35.9164727976767], [-5.36950828233682, 35.9164463653678], [-5.36961221651686, 35.9164127822381], [-5.36968253573899, 35.9163910868056], [-5.36975404882216, 35.9163739100078], [-5.36981034983428, 35.9163570373106], [-5.36986927213039, 35.916358124229], [-5.36993570074902, 35.9163568110511], [-5.36998919811913, 35.9163625111887], [-5.37001630298619, 35.9163664834605], [-5.37003169921184, 35.9163706819916], [-5.37008112092552, 35.9163674525202], [-5.37013165475351, 35.9163664550872], [-5.37017698553937, 35.9163768222792], [-5.37018734041965, 35.9164104381626], [-5.3702116703908, 35.9164257226685], [-5.37024121687883, 35.9164409045909], [-5.37029657645653, 35.9164510695221], [-5.37035590209621, 35.9164544052081], [-5.37043851386468, 35.916427999084], [-5.37051554799354, 35.9163972009008], [-5.37057300513743, 35.9163622470981], [-5.37061213934448, 35.9163389525572], [-5.37064106150336, 35.9163113176085], [-5.3706818935263, 35.9162969999585], [-5.37080990075933, 35.9162944718163], [-5.3709283822571, 35.9162853763238], [-5.3711314302574, 35.916299379686], [-5.37128819076606, 35.9163210933317], [-5.37147409980903, 35.916387295688], [-5.37168339559214, 35.9164394822861], [-5.37185010224763, 35.9164677188502], [-5.37206214777382, 35.9165063531351], [-5.37219098235521, 35.9165420933239], [-5.37237327298425, 35.9165700613964], [-5.37242447515881, 35.9166141272959], [-5.37249873079851, 35.9166667116975], [-5.37257537416024, 35.916717034935], [-5.37264119641606, 35.9167630657805], [-5.37277027174597, 35.9168191072494], [-5.37282575888445, 35.9168562979674], [-5.37291064159395, 35.9168929415748], [-5.37297139824987, 35.9168984961703], [-5.37301789774393, 35.9168908208614], [-5.37311041613336, 35.9168574612683], [-5.37320687183867, 35.9168059697259], [-5.37330625425519, 35.9167476649368], [-5.37336370960245, 35.9167240067499], [-5.3734656504209, 35.9166701543199], [-5.37356632012319, 35.9166208328476], [-5.37364183430263, 35.9165742439112], [-5.37373418201215, 35.9165251399078], [-5.37381798045512, 35.9164671419258], [-5.37390751374283, 35.9164158043639], [-5.37394941026939, 35.916392437814], [-5.37398858759554, 35.9163713542222], [-5.37406142210047, 35.9163406374994], [-5.37414583499109, 35.9163367146978], [-5.37424317374034, 35.9163505725465], [-5.37434031575853, 35.9163441310625], [-5.37446306155896, 35.9163394501826], [-5.3745336871066, 35.9163493146601], [-5.37457997639487, 35.9163461455722], [-5.37460055769633, 35.9163051634929], [-5.3746637972957, 35.916288146004], [-5.37472406167484, 35.9162666877097], [-5.37478431257927, 35.9162316756475], [-5.37485000278275, 35.9161943398586], [-5.37488214540193, 35.9161801917005], [-5.37501012927876, 35.9161641112358], [-5.375132387294, 35.9161414212093], [-5.37519606796618, 35.9161514232136], [-5.37523110226224, 35.9162340939357], [-5.37526322961007, 35.9162086888107], [-5.37550777797988, 35.9160731495662], [-5.37552909230661, 35.9160907462112], [-5.37553951725549, 35.9161266088119], [-5.37557456412799, 35.9161056473733], [-5.37558250523509, 35.9160829289565], [-5.37559362637829, 35.9160601887074], [-5.37560200047337, 35.9160510138877], [-5.37563445211301, 35.9160593804271], [-5.37569529590552, 35.9160784481305], [-5.37574888939539, 35.9160773873991], [-5.375782702881, 35.9160722110589], [-5.37584767892382, 35.9160799351915], [-5.37594934934935, 35.9160982302587], [-5.37596486325432, 35.9160956700991], [-5.3760536536353, 35.9160893697342], [-5.37611836108186, 35.9160880885629], [-5.37620414031003, 35.9160728789269], [-5.37637331014599, 35.9160672762567], [-5.37645748228812, 35.9160453428286], [-5.37653631933579, 35.9160415284137], [-5.37662696473784, 35.9160622548787], [-5.37682312086327, 35.9160786794835], [-5.37691057275451, 35.9160746941017], [-5.37694858227079, 35.9160942135944], [-5.37703937948815, 35.9161194390577], [-5.37707659219878, 35.9161480198549], [-5.3771548677994, 35.9162073123358], [-5.37720192065567, 35.9162401636642], [-5.37723568832719, 35.9162462508527], [-5.37729925940489, 35.9162427390971], [-5.37734711176177, 35.9162440442742], [-5.37737845577866, 35.9162614779159], [-5.37742052837499, 35.9162561022464], [-5.37746009916327, 35.9162711190535], [-5.37750416332456, 35.9162837626777], [-5.37755482471333, 35.9162895152022], [-5.37761839938432, 35.9162950123658], [-5.37769147463773, 35.9162845542227], [-5.37782207620531, 35.9162391393111], [-5.37791876906586, 35.9162079467365], [-5.37791682870486, 35.9161786726304], [-5.37794058016095, 35.9161601658722], [-5.3779955597513, 35.9161478314262], [-5.37802966069779, 35.9161498910475], [-5.37805175835546, 35.916151225327], [-5.37819340920103, 35.9161867401438], [-5.37825478749115, 35.9162350731824], [-5.37830320129508, 35.9162791916502], [-5.37834599074699, 35.9163099098519], [-5.37838877750398, 35.9163383436208], [-5.37842429509368, 35.9163443776926], [-5.37843923856843, 35.916340755358], [-5.37847480556548, 35.9163321327605], [-5.37850485511005, 35.916302796861], [-5.3785290018249, 35.9162792251162], [-5.37852689886879, 35.9162432294479], [-5.37851118733449, 35.916216476952], [-5.37848654834287, 35.91618093232], [-5.3784960300607, 35.9161626903812], [-5.37859939740381, 35.9160997995296], [-5.37871856970602, 35.916054644966], [-5.37879725314175, 35.9160327821043], [-5.37885778521887, 35.916031582415], [-5.37895519673166, 35.9160341905934], [-5.37897535762158, 35.9160306198989], [-5.37901268801153, 35.9160240066929], [-5.37904811217643, 35.9160391057545], [-5.37910340348218, 35.9160470183193], [-5.37917185780177, 35.9160208521426], [-5.37926013793969, 35.9159740606005], [-5.37931926684831, 35.915970634681], [-5.37935328784475, 35.9159722134122], [-5.37939881895493, 35.9159217267351], [-5.37944511183646, 35.9158937453379], [-5.37950368019635, 35.9158610546491], [-5.37950073821382, 35.9158430992822], [-5.37949171104352, 35.9158207161801], [-5.37945785533708, 35.9158123830819], [-5.37940068924736, 35.9157867115463], [-5.3793947136541, 35.9157370206664], [-5.37939547452714, 35.9156829187497], [-5.37937616973168, 35.9156156979906], [-5.37934442686278, 35.915573502741], [-5.37929071928691, 35.915479940926], [-5.37926282210575, 35.9153926241288], [-5.37926603627783, 35.9153384681392], [-5.37928003202998, 35.9152390253999], [-5.37932057299875, 35.9151007671548], [-5.37937630537728, 35.9149734704402], [-5.37942717068363, 35.9148913469626], [-5.3794633575182, 35.9148500534715], [-5.37948790308503, 35.9148022368654], [-5.37950116581187, 35.9147366057544], [-5.37953286017173, 35.9146977094192], [-5.37960923763215, 35.9146240898512], [-5.37967754462801, 35.9145573862], [-5.37981525546275, 35.91443746805], [-5.3798286933611, 35.9144011325098], [-5.37985628421675, 35.9143623000332], [-5.37991214864761, 35.9143206170314], [-5.37993717211819, 35.9142998493678], [-5.37996620836311, 35.9142632045592], [-5.37998534068202, 35.9142200329543], [-5.3799917223138, 35.914168050059], [-5.37999533533789, 35.9141386835277], [-5.38003007139329, 35.9140952070142], [-5.38009917160156, 35.9140104321824], [-5.38023259926904, 35.913874833878], [-5.38029534120174, 35.9138308006471], [-5.38031446633415, 35.913798855568], [-5.38037276699608, 35.913745861834], [-5.38044100033011, 35.9136881681115], [-5.38052626572194, 35.9136211282718], [-5.38060368882134, 35.9135362285211], [-5.38070229958502, 35.9134306015303], [-5.38079470568501, 35.913381473749], [-5.380906457903, 35.9133341749984], [-5.38098341567507, 35.9132898242546], [-5.38104626989719, 35.9132502913285], [-5.38111537369874, 35.9131520042268], [-5.38117210949545, 35.9130810220535], [-5.38124473559122, 35.9130322505561], [-5.38132289441085, 35.9129946680716], [-5.3813618426666, 35.9129533197516], [-5.3814149214218, 35.9129229858501], [-5.38143324346033, 35.9129226228006], [-5.38146433684727, 35.912919756238], [-5.38147920216861, 35.9128721298119], [-5.38152799326492, 35.9128373425169], [-5.38154118322824, 35.91278077657], [-5.38156267092984, 35.9127217558095], [-5.38161200011706, 35.9126238616594], [-5.38167730584158, 35.9125504606115], [-5.38172301212323, 35.912504476061], [-5.38175071886154, 35.9124566303899], [-5.38179695425088, 35.9123610510049], [-5.38193069093883, 35.9122479656812], [-5.38199454498585, 35.9121948828735], [-5.38192388170897, 35.9120791191576], [-5.38187145692729, 35.9120508613829], [-5.3818227502726, 35.9120090214649], [-5.38174509900113, 35.9119136459845], [-5.38165695900039, 35.9118477912977], [-5.38154467048817, 35.9117869407443], [-5.38143224633039, 35.9117102910692], [-5.38133649400594, 35.9116242840953], [-5.38127094214301, 35.9115737830022], [-5.38117306889619, 35.9115419039478], [-5.38110807309043, 35.9115341844652], [-5.38101381915587, 35.9115315514011], [-5.38088666532235, 35.91151830823], [-5.38074415478905, 35.9115233873742], [-5.38059876425695, 35.9115014606895], [-5.3805090899337, 35.9114311333012], [-5.38045913551908, 35.9113938381731], [-5.38039606031141, 35.9113229468235], [-5.38029227974324, 35.9112574023171], [-5.38016458692056, 35.9111202241039], [-5.3800741714872, 35.9110025802257], [-5.38002763426393, 35.91091790394], [-5.37994603669342, 35.910829379429], [-5.37984459803321, 35.910736728019], [-5.37980946761739, 35.9106405441242], [-5.37978250648077, 35.9105374066699], [-5.37977636829243, 35.9104135891617], [-5.37978190191459, 35.910321102425], [-5.37977612484899, 35.9101972773025], [-5.37979266373168, 35.9100797615612], [-5.37977240402708, 35.9099449619524], [-5.379774315642, 35.9098142278453], [-5.37976193146751, 35.9097355717671], [-5.37976278217206, 35.9095890952948], [-5.37975974676474, 35.9094877681579], [-5.3797781415668, 35.9093859854221], [-5.37978764664082, 35.9092753689161], [-5.3798178201529, 35.9091395689574], [-5.37985882375404, 35.9090396222101], [-5.37982077201693, 35.9089479633205], [-5.37974334532427, 35.9088593783982], [-5.37963193356778, 35.9087579149947], [-5.3794746547312, 35.9087091939466], [-5.37933386537, 35.9087142376191], [-5.37919683096667, 35.9086944332719], [-5.37906689594901, 35.908667726972], [-5.37895849624369, 35.9085864751545], [-5.37882399958103, 35.9085576100465], [-5.37868524849718, 35.9085152771551], [-5.37853678662515, 35.9084708873301], [-5.3784014922585, 35.9083924525609], [-5.37834795266759, 35.9082808320377], [-5.37829559705619, 35.9081737311936], [-5.37830118278064, 35.9080722028822], [-5.37829622497856, 35.9079416002867], [-5.37829868636244, 35.9077229817203], [-5.37829494218434, 35.907481928339], [-5.37828845185641, 35.907427969936], [-5.3782974907048, 35.9073601877277], [-5.37834025320727, 35.9073075061895], [-5.37838618945764, 35.9072570118], [-5.37843009012559, 35.9071727738908], [-5.3784258069583, 35.9070759824767], [-5.37841858450343, 35.9068710311217], [-5.37842927445529, 35.9067536537796], [-5.37835922562607, 35.9065770289975], [-5.37832128528005, 35.9065011724668], [-5.37827526189309, 35.9064434901965], [-5.37818746594713, 35.9063212852246], [-5.37810978503123, 35.9062123961595], [-5.37803267813884, 35.906135062218], [-5.37793678567721, 35.906031036291], [-5.37773945006379, 35.9059403183648], [-5.37758690624707, 35.9059207818145], [-5.37748382546654, 35.9059003022658], [-5.37735448872687, 35.9058487715765], [-5.37730140278516, 35.9057642061945], [-5.3772701423116, 35.9056566508193], [-5.37720905687227, 35.9055361690963], [-5.37713963237216, 35.9054248632428], [-5.37706547554713, 35.9053542255792], [-5.37701171497064, 35.905258409868], [-5.37696587484002, 35.9052074790513], [-5.37695106341761, 35.90515143154], [-5.37699572675523, 35.9050243545681], [-5.37694903951328, 35.9049216427317], [-5.37687113401857, 35.9048082506304], [-5.3768484713206, 35.9046847603221], [-5.37676324635297, 35.9044520749117], [-5.37673718802319, 35.904229518937], [-5.37673825252682, 35.9040108908427], [-5.37674316720974, 35.9037809641097], [-5.37674831186135, 35.9036524158337], [-5.37675626284993, 35.903512513975], [-5.37675019383187, 35.9034022239734], [-5.37670664171026, 35.9033016856826], [-5.3766596481428, 35.9031764233942], [-5.3765238552112, 35.9030461583499], [-5.37653332075935, 35.9029355424406], [-5.37656905035147, 35.9028672317513], [-5.37659119112826, 35.902774421123], [-5.37728815353304, 35.9025555678036], [-5.37740307770228, 35.9024631322772], [-5.37752275216276, 35.9023435734475], [-5.37755955883487, 35.9022437156219], [-5.37760546903409, 35.9021233691399], [-5.37765901760821, 35.9020028718505], [-5.37766950633745, 35.9018674574389], [-5.37766854603842, 35.9017322749181], [-5.37760041151907, 35.901548836777], [-5.37761059841439, 35.9013570919687], [-5.3776694380655, 35.9012297338481], [-5.37762442797817, 35.901124699482], [-5.37755270109599, 35.9009143094316], [-5.37749768647138, 35.9007531687182], [-5.37741850896225, 35.9005834615762], [-5.37739216137495, 35.9005006187798], [-5.37735682254999, 35.9004427247503], [-5.37731383187544, 35.9003601721467], [-5.37725988175442, 35.9002913877043], [-5.37719321777718, 35.9002273578027], [-5.37715715940166, 35.9001446900024], [-5.37712550816096, 35.9000597168501], [-5.37709101734564, 35.8999814978674], [-5.37704827101282, 35.8999192832605], [-5.37702108350077, 35.8998431773049], [-5.37699373519023, 35.8997738626659], [-5.37693222035623, 35.8996849603947], [-5.3768683195968, 35.8996096124526], [-5.37678990206237, 35.8994759622029], [-5.37676074005333, 35.8993345459387], [-5.37673888314415, 35.8992516094198], [-5.37669102360076, 35.8991443828376], [-5.37664328622824, 35.8989966089512], [-5.37660350792913, 35.8988689501377], [-5.37659856090688, 35.8987383527288], [-5.37661958328115, 35.8985734170696], [-5.37662579513135, 35.8984921970937], [-5.37676396141192, 35.8983880614274], [-5.37687413169668, 35.8983340648056], [-5.37704530387744, 35.8982585518476], [-5.37721886198359, 35.8981581998606], [-5.37735362454756, 35.8981375130946], [-5.37749714658389, 35.8980152341709], [-5.37760398052567, 35.8979545243402], [-5.37765318035547, 35.8978972098743], [-5.37766727582059, 35.8978360873513], [-5.37765700178868, 35.8977709406373], [-5.37763360337049, 35.8976835329833], [-5.37758645708942, 35.8976123615592], [-5.37753539595037, 35.8975480216753], [-5.37744413340572, 35.8974484110376], [-5.37737690348984, 35.8973641197537], [-5.3772993177954, 35.8972597308199], [-5.37725576747041, 35.8971569208551], [-5.37721418176098, 35.8970743801063], [-5.37721865626939, 35.8969706551811], [-5.37728607483145, 35.8968633949455], [-5.37732907359085, 35.8967724190919], [-5.37734684226718, 35.8967066813353], [-5.37738160257709, 35.8966316383769], [-5.37738306772933, 35.8965752689688], [-5.37741576460905, 35.8964889995806], [-5.37742553378775, 35.8964324656094], [-5.37743377942374, 35.8963737120942], [-5.37747220665665, 35.8963279051637], [-5.3775381834227, 35.8962635023806], [-5.37767525286032, 35.8961706279752], [-5.37773587387064, 35.8961153396136], [-5.37779366339119, 35.8960669004103], [-5.37781206807472, 35.8960124481144], [-5.37782954929017, 35.8959241776374], [-5.37780925095799, 35.8958592476632], [-5.37777552910055, 35.8958081179545], [-5.37772352652707, 35.8957595621293], [-5.37765233234584, 35.8956821110002], [-5.37757486882227, 35.8956273040434], [-5.37753221501595, 35.8955560427174], [-5.37749379946114, 35.8954982091101], [-5.37746359989792, 35.8954154024713], [-5.37745194156216, 35.8953480349605], [-5.3774449023636, 35.8952986252422], [-5.37739841454764, 35.8952386803412], [-5.37730113778215, 35.8951910432734], [-5.37725587975982, 35.895182912491], [-5.37719426431447, 35.895148077395], [-5.37705421516505, 35.8951305823393], [-5.3769262959669, 35.8950902856973], [-5.37673327945339, 35.8950828484198], [-5.37659124233226, 35.8951036735228], [-5.37654250513484, 35.8951294485553], [-5.37644330597463, 35.8950524960244], [-5.37633108483609, 35.8950164492195], [-5.37625875518433, 35.8949480283594], [-5.37611082062335, 35.8948968638594], [-5.3759717515359, 35.8948657967716], [-5.37589200898646, 35.8947795080551], [-5.37582141757478, 35.8947245636619], [-5.37573931694772, 35.8946518293417], [-5.37563746596081, 35.8945794857417], [-5.37551856135654, 35.8945164874975], [-5.37548080067358, 35.8944699037389], [-5.37545477198821, 35.8943983117118], [-5.37540692412291, 35.8943496735167], [-5.37543447455436, 35.8942635115897], [-5.37540358867826, 35.8942145378301], [-5.37534767753498, 35.8941277724705], [-5.3752993598508, 35.8940633788134], [-5.37524729349693, 35.894012573967], [-5.37516996831391, 35.8939622661262], [-5.37511855144197, 35.8939430147997], [-5.37503328694847, 35.8939176374485], [-5.37501508258926, 35.8939106519805], [-5.37496082704103, 35.8938897945436], [-5.37491057618236, 35.8938524656779], [-5.37491512165768, 35.8938095834896], [-5.3749333242203, 35.8937573892433], [-5.37495866030457, 35.8936442067441], [-5.37496000777748, 35.8935382548303], [-5.37498019561688, 35.8934499837776], [-5.37501019934737, 35.893352474773], [-5.37504875414103, 35.8932638592948], [-5.37505712733781, 35.8931622521817], [-5.37503089922646, 35.8930726504075], [-5.3749933334779, 35.8929855228388], [-5.37492142693267, 35.8928720095705], [-5.37485578972982, 35.8927381063357], [-5.37478858945835, 35.8926560667591], [-5.3747303175425, 35.8925828458629], [-5.37468253255926, 35.8924778829856], [-5.37463666907245, 35.8923908653792], [-5.37459790227635, 35.8923105349122], [-5.37461710735882, 35.8922470589178], [-5.37468522481016, 35.8921510847012], [-5.37471998422179, 35.8920737486644], [-5.37477308453655, 35.8920096014981], [-5.37480008070745, 35.8919640438427], [-5.37483028296563, 35.8918845258365], [-5.37484207784532, 35.8917941723079], [-5.37484335884292, 35.8916859677178], [-5.37485666918048, 35.8915505021801], [-5.37492736838997, 35.8914499750344], [-5.37495108481178, 35.8913864044701], [-5.37497854451338, 35.8912979549021], [-5.37495689242008, 35.8912330327777], [-5.37494922619745, 35.8911047384865], [-5.37494291463427, 35.8909741668397], [-5.37495677024921, 35.8909040358974], [-5.37496447869267, 35.8908272750261], [-5.37500854554892, 35.89072498506], [-5.37504710932574, 35.8906498629277], [-5.37510703773498, 35.890569815976], [-5.37517100586806, 35.8904739234188], [-5.37513436358762, 35.8904768977753], [-5.37524557771474, 35.8903169380772], [-5.37532599040738, 35.8902049194466], [-5.37537350050614, 35.8900913337821], [-5.37541361747009, 35.8899981260972], [-5.37547000741542, 35.8899046373851], [-5.37553262987221, 35.889763689443], [-5.37559009060935, 35.8896498753541], [-5.37563194850834, 35.8895791901348], [-5.37569135948798, 35.8894698399193], [-5.37572778078282, 35.889356438054], [-5.37572776820643, 35.8892528019936], [-5.3757085999549, 35.8892126057036], [-5.37566177257577, 35.8891053531514], [-5.37563485635491, 35.8890382866639], [-5.37562650112444, 35.888932562202], [-5.37560879982177, 35.8888495085301], [-5.37555478592036, 35.8887334282872], [-5.37551217343654, 35.8886170873297], [-5.37547102520663, 35.8885480452391], [-5.37543031265964, 35.8884496670516], [-5.37538484982144, 35.888328892769], [-5.37532510377022, 35.8882061307318], [-5.37524891136277, 35.8880318953547], [-5.37519077329588, 35.8879158619469], [-5.37511751029457, 35.8878046295661], [-5.3750694576134, 35.8877019077571], [-5.37499166261147, 35.8875772525017], [-5.37485577266181, 35.8875010742743], [-5.37473480372904, 35.8874043366772], [-5.37465524713082, 35.8873360169516], [-5.37463204634199, 35.8872981893713], [-5.37456248080639, 35.887184634471], [-5.37453480461078, 35.887092803985], [-5.37453543612644, 35.8869530497123], [-5.37448428335923, 35.8868391624431], [-5.37451457005903, 35.8867056143588], [-5.37450311653914, 35.8865886510676], [-5.37447826734176, 35.886451687008], [-5.37444222603425, 35.8863577363238], [-5.37436188161355, 35.8862061030656], [-5.37427896172294, 35.8861063238638], [-5.37417832795323, 35.8860294702776], [-5.37404444663655, 35.8859735227238], [-5.37392717247451, 35.885905970323], [-5.37380491086605, 35.8858227693717], [-5.37372716796641, 35.885756701562], [-5.37359785997281, 35.8856578395556], [-5.37347442336795, 35.8855814171226], [-5.37343010139016, 35.8855011423385], [-5.37342991274394, 35.8853321594199], [-5.37346578696482, 35.8852457911714], [-5.37353683831388, 35.8851677780779], [-5.37364662411972, 35.884996621933], [-5.37375126168063, 35.8849652401853], [-5.37381900453454, 35.8849030538071], [-5.37382033314285, 35.8847971418711], [-5.37381583437989, 35.8846237017723], [-5.37377554583773, 35.884491548085], [-5.37372207631536, 35.8843821770155], [-5.37367028035442, 35.8842930762332], [-5.3736449478634, 35.8841876503918], [-5.37363447620214, 35.8840571568607], [-5.37362003308897, 35.8839898255381], [-5.37356349402332, 35.8839278640183], [-5.37344299580773, 35.8837995273227], [-5.37338562220718, 35.8836519649755], [-5.37328239769621, 35.8835323136866], [-5.37322076069129, 35.8833802747146], [-5.37314484316832, 35.8832375618245], [-5.3730413347897, 35.8830976486323], [-5.37298739455016, 35.882983779837], [-5.37293064887197, 35.8829150479852], [-5.3728527325975, 35.8827858871993], [-5.37275542528927, 35.882679629623], [-5.37265278108996, 35.8825825287703], [-5.37250687941645, 35.8824479545399], [-5.37239207741809, 35.882312730124], [-5.37231895635061, 35.8822172766426], [-5.37217231177037, 35.8820579240168], [-5.37213483046344, 35.8819617889714], [-5.37206688099703, 35.8818549509292], [-5.37200393245182, 35.8817052261828], [-5.37195459338314, 35.8816047818856], [-5.37191168894687, 35.8815245132605], [-5.37181621060857, 35.8814340212659], [-5.37173287749293, 35.8813657779083], [-5.37168460921609, 35.881303634558], [-5.37162135524367, 35.8812598372229], [-5.37153143927363, 35.8812165340708], [-5.37135418100684, 35.8811096062261], [-5.37124610379668, 35.8810734540864], [-5.37114377221109, 35.8809965715972], [-5.37109785752027, 35.8809636998158], [-5.37100834219884, 35.8808753412325], [-5.37094702679083, 35.8808044094464], [-5.37091978717644, 35.8807260855532], [-5.37086139219142, 35.8806483766162], [-5.37077877503303, 35.8805598830286], [-5.37068276309549, 35.8805076902384], [-5.37058995185527, 35.8805072688122], [-5.37052295280642, 35.8805356150013], [-5.37038271141755, 35.8806149966503], [-5.3702995148458, 35.8806684725703], [-5.37009117936175, 35.8807266758395], [-5.36993412779894, 35.880765845074], [-5.36980608732825, 35.8807660816251], [-5.36960783183996, 35.8807903022715], [-5.36941337173379, 35.8807828760243], [-5.36932821144485, 35.8807574966389], [-5.36926190050554, 35.8807047129646], [-5.36922745191101, 35.8806287836021], [-5.36920457271903, 35.8805120507994], [-5.36920352618175, 35.8804174445521], [-5.36918009722082, 35.88027144079], [-5.36913951043796, 35.8801279922592], [-5.36910891920927, 35.880031715123], [-5.36906749070499, 35.8799536714185], [-5.36902357656235, 35.8798959421445], [-5.36896418624395, 35.8798317640053], [-5.36889894789307, 35.8797677000879], [-5.36879812278222, 35.8796254399682], [-5.36867141720801, 35.8795310590267], [-5.36857739593714, 35.8794427563464], [-5.36841238709753, 35.8793288582771], [-5.36822555458644, 35.8792964734718], [-5.36799258999221, 35.8792717909032], [-5.36782200351302, 35.8792751543594], [-5.36767350301341, 35.8793096121271], [-5.36749820666718, 35.8793964323008], [-5.36735968555205, 35.8794870707398], [-5.36712158708601, 35.8795931469947], [-5.36697620733367, 35.8795915100367], [-5.36676680195612, 35.8795573515424], [-5.36661519508224, 35.8794746803555], [-5.36650034098158, 35.8793958325423], [-5.36638347914627, 35.8793417938533], [-5.36622771307264, 35.8792592403553], [-5.36616898840588, 35.8792761631779], [-5.36602568645684, 35.8792992582759], [-5.36582207790778, 35.8792717392249], [-5.36561082559399, 35.8792668909273], [-5.36537500166223, 35.8792512273065], [-5.36515180624673, 35.8791835170483], [-5.36497818525852, 35.8791193376041], [-5.36485973969336, 35.8790585725238], [-5.36472773405899, 35.8789710466777], [-5.36456360107682, 35.8788864067269], [-5.36443707516567, 35.878846069064], [-5.36433134615169, 35.8787940629345], [-5.36417299382834, 35.8787183180747], [-5.36400008520412, 35.8786879011767], [-5.36378887331454, 35.878637971554], [-5.36364144630169, 35.8786048360329], [-5.36347093528096, 35.8785496016418], [-5.36330785781925, 35.8785730783553], [-5.36324681639735, 35.8786599379133], [-5.36315661386473, 35.8787585895666], [-5.36307055705716, 35.8787625367948], [-5.36298667417256, 35.8787349098329], [-5.36289399857794, 35.8786916504281], [-5.36275213213669, 35.8785998137336], [-5.36265383847832, 35.8785070845636], [-5.36250083831744, 35.8784244763333], [-5.36242170752069, 35.8783584285552], [-5.36231852433222, 35.8782996150446], [-5.36220880140848, 35.8782521883313], [-5.36204003671267, 35.8781518342788], [-5.36194466347727, 35.8780635853794], [-5.36176183296075, 35.8779793091244], [-5.36154222092493, 35.8778686960399], [-5.36138873297887, 35.8777702900286], [-5.3612211863986, 35.8777217500736], [-5.36105114340012, 35.8776372216091], [-5.36084207938236, 35.8775669718574], [-5.36065010760954, 35.8775008927934], [-5.36051089838491, 35.8774517900221], [-5.3603666666795, 35.877384771896], [-5.36023508684658, 35.8773129977371], [-5.36011083097816, 35.8771960016496], [-5.36003835400275, 35.8770644943036], [-5.35999060944368, 35.8769008935643], [-5.35992554087439, 35.876785004711], [-5.35982986939835, 35.8766268887557], [-5.35983761646935, 35.8765027911006], [-5.35987620270404, 35.8764164154075], [-5.35989787905187, 35.876319071768], [-5.35991894454527, 35.8762127319994], [-5.35991563335514, 35.8760888513354], [-5.35989713434847, 35.8759202319353], [-5.35986613348804, 35.8757630765319], [-5.35981690670876, 35.8756536504635], [-5.35973841102092, 35.875562782718], [-5.35963723646543, 35.8755242310795], [-5.35949845483888, 35.8754886528859], [-5.35933600080795, 35.8754738074035], [-5.35922112514773, 35.8754512534745], [-5.35898661455292, 35.8753747440359], [-5.35885326144563, 35.8752895091879], [-5.3587933222566, 35.8752523462501], [-5.35875773729324, 35.8751967040807], [-5.35870079578233, 35.8751076977833], [-5.35870499989788, 35.8750039418984], [-5.35877516371144, 35.8747794884717], [-5.35881886046182, 35.8746659483782], [-5.35884936724888, 35.8745504129297], [-5.35881776811045, 35.8744654152205], [-5.35876400753395, 35.8744033734592], [-5.35866368907289, 35.8743467502008], [-5.35853524166539, 35.8742749121449], [-5.35837858985288, 35.8742216473701], [-5.35829358766743, 35.8742503444771], [-5.35812733825443, 35.8742558620305], [-5.35791002141414, 35.8742466124853], [-5.35776252702764, 35.8743148583368], [-5.35756733389619, 35.8743953038703], [-5.35732533494518, 35.8744631507004], [-5.35706520799171, 35.8744795147868], [-5.35689246735249, 35.874455881088], [-5.3567561722626, 35.8743639281129], [-5.35661626325036, 35.8742449819681], [-5.35652207579116, 35.874184025348], [-5.35644728475555, 35.8741356142195], [-5.35643897893242, 35.8740321038236], [-5.35638958506652, 35.8738708414296], [-5.35638241830721, 35.8737583001876], [-5.35634548856586, 35.8736440889488], [-5.3562923181825, 35.8735437479846], [-5.3562609849454, 35.8734790122105], [-5.35624635767763, 35.873404902994], [-5.35626589423844, 35.8732941270198], [-5.35633045975116, 35.8732770769894], [-5.3564038071941, 35.8732891728082], [-5.35649737661243, 35.8733031022511], [-5.35656822673887, 35.8733129699088], [-5.35656335248016, 35.8732409591268], [-5.3565326804031, 35.8731987361904], [-5.356473906329, 35.8731548426563], [-5.35639899312249, 35.8731022242494], [-5.35634026216755, 35.8730582979054], [-5.35617177325452, 35.8729782339008], [-5.35609263616959, 35.87291218231], [-5.35602443966647, 35.8728887097422], [-5.35591289226439, 35.8728863949504], [-5.35579690987975, 35.8728729050993], [-5.3557122966648, 35.8728655727396], [-5.3556036759739, 35.872856427125], [-5.35553516865372, 35.872821697219], [-5.35541664583345, 35.8727699339004], [-5.35531680258119, 35.8727178000349], [-5.35518750357076, 35.8726865560953], [-5.35505246073244, 35.8727433093827], [-5.35487805820991, 35.8728143153559], [-5.35479440080245, 35.8728407258406], [-5.35464883599719, 35.8729382477272], [-5.3545297382551, 35.8730194451448], [-5.35442610950227, 35.8732017592384], [-5.35433561232221, 35.8732418238942], [-5.35418729957049, 35.8732830531991], [-5.35390208536611, 35.8732120301759], [-5.35375824442788, 35.8731585084589], [-5.35355999702444, 35.8731128118449], [-5.35342534225828, 35.8730884228851], [-5.35309225593408, 35.8730137972075], [-5.35284963984047, 35.8729441897503], [-5.35247955280806, 35.8728568114679], [-5.35233636314839, 35.8727784637022], [-5.35214391437011, 35.8727416751949], [-5.3519218346622, 35.8727099734008], [-5.35175831612768, 35.8726590871577], [-5.35146845403999, 35.8726760572496], [-5.35134282913909, 35.8727100469211], [-5.35118112969299, 35.8728371400948], [-5.35107186850333, 35.8729114041617], [-5.35097575236119, 35.8730665445151], [-5.35096298640267, 35.8731726803219], [-5.35094414423958, 35.8732609616026], [-5.35091693247301, 35.8733471128977], [-5.35088373253672, 35.8734762104597], [-5.35085299128941, 35.8736548453482], [-5.3508098092737, 35.8738336836496], [-5.350752822847, 35.8739767992763], [-5.35071331494082, 35.8740812094425], [-5.35067296890645, 35.8742149498726], [-5.35062822561878, 35.8743871025292], [-5.35061366302971, 35.8745856894635], [-5.35065137969524, 35.8747382097201], [-5.35067380164472, 35.8748414076506], [-5.35063952373011, 35.8748758986467], [-5.35057857124146, 35.8749086230064], [-5.35050704917515, 35.8749821281127], [-5.3504436281161, 35.8750847899898], [-5.35039659053119, 35.8752254212158], [-5.3504227988796, 35.8752587241117], [-5.35032535862074, 35.8754160886946], [-5.35024808284506, 35.8754829701855], [-5.35016507402124, 35.8755905214266], [-5.34999362336275, 35.8756682316859], [-5.34981561949423, 35.8756537006884], [-5.34972708782805, 35.8755968381176], [-5.34954734482115, 35.875568788599], [-5.34938891344606, 35.8755020352907], [-5.34924641638751, 35.8754349652902], [-5.34914390154558, 35.8753378038753], [-5.34903806832701, 35.8752249750128], [-5.34887118380513, 35.8750930342049], [-5.3486722195461, 35.8749188929947], [-5.34857170794727, 35.8747495810506], [-5.34850192771433, 35.8745548975627], [-5.34842480375393, 35.8743581048455], [-5.34839282552642, 35.8742122631577], [-5.34836454566296, 35.8740978807863], [-5.3483029868115, 35.8739481151726], [-5.34827689165081, 35.8738133850576], [-5.34826840616463, 35.8736558258496], [-5.34828693032411, 35.8735450313004], [-5.3482677459029, 35.8733516114293], [-5.34826047224403, 35.8731759741568], [-5.34823907078072, 35.8730141597121], [-5.3482298010653, 35.8728769021194], [-5.34821571188839, 35.8726563013923], [-5.34814860414339, 35.8725043907689], [-5.34804726160294, 35.8723554024806], [-5.34787331183132, 35.8722190572965], [-5.34769519208014, 35.87215268624], [-5.3475832521143, 35.8721233427002], [-5.34747517939573, 35.8720848796513], [-5.34728126277029, 35.8720458764599], [-5.34702781838423, 35.8720080000849], [-5.34667110187648, 35.8719406155722], [-5.34630725723693, 35.8718192767172], [-5.34610563576133, 35.8717060257383], [-5.34575287273914, 35.8716318049456], [-5.34556629894284, 35.8716196433597], [-5.34543023112676, 35.8715817653251], [-5.34524546294416, 35.8715245249455], [-5.34503983138912, 35.8714181110434], [-5.34493308458389, 35.871330070112], [-5.34476512927017, 35.871256705021], [-5.34463366082833, 35.8711871644461], [-5.34446368161028, 35.8711499428049], [-5.3442661366894, 35.8711515457241], [-5.34411993677522, 35.8711115695478], [-5.34402937222154, 35.8710930689943], [-5.34400014733041, 35.8710894882649], [-5.34390228576167, 35.8710774954776], [-5.34381121904975, 35.8710297463312], [-5.34381061897512, 35.8711378801446], [-5.34377981933731, 35.8711970760436], [-5.34371335837932, 35.8713493771634], [-5.34360727542912, 35.871601547656], [-5.34355174157825, 35.8717167205265], [-5.34354039316125, 35.871740328837], [-5.3434901665571, 35.8719260809794], [-5.34345440552395, 35.8720487095622], [-5.34339967746189, 35.8722365814357], [-5.34335629961344, 35.8723501104523], [-5.34323315675766, 35.8726116577954], [-5.34313601743443, 35.8727803293687], [-5.34297812055695, 35.8729884670154], [-5.34293877075422, 35.8730162590356], [-5.34290162272228, 35.8731296661004], [-5.342838810721, 35.8731955792052], [-5.34280525864514, 35.8732307165818], [-5.34273472382735, 35.8732185443226], [-5.34268144834109, 35.8731970816303], [-5.34254224001478, 35.8731366774229], [-5.34237140021068, 35.8730701564557], [-5.34224760607631, 35.8730139755481], [-5.34193112870341, 35.8729390360662], [-5.34184984284829, 35.8730578058312], [-5.3418409046112, 35.8731125141257], [-5.34183398758352, 35.8731549780493], [-5.34189467506916, 35.8732169101446], [-5.34209793417358, 35.8732805513438], [-5.34221505921527, 35.8733436137971], [-5.34228553654089, 35.873398597047], [-5.34228570542414, 35.8735090103728], [-5.34219941325796, 35.8737157506935], [-5.34218747824109, 35.873792592207], [-5.34216220953047, 35.8739102761027], [-5.34211953506289, 35.8739539552121], [-5.34206799242682, 35.8739774638599], [-5.34204210208201, 35.8740610412099], [-5.34203288985878, 35.8740908309694], [-5.34201073381063, 35.8741611158317], [-5.34197254013967, 35.8743105775047], [-5.34192368526296, 35.8744116242964], [-5.34189882438746, 35.8744630247724], [-5.34182541855404, 35.8745568308827], [-5.34173211683367, 35.8746533133914], [-5.3416230739346, 35.8747478195208], [-5.3414542867809, 35.8748682956923], [-5.34139341963221, 35.8750227057673], [-5.34136025742519, 35.8750504162768], [-5.34135096525188, 35.87507673794], [-5.34133538217666, 35.8751207541525], [-5.34121638684255, 35.875251522267], [-5.34112032639596, 35.8753637884256], [-5.34106039619007, 35.8754438376452], [-5.34100918503237, 35.8754786377358], [-5.34096030140955, 35.8755471904266], [-5.34094379127293, 35.8755779389958], [-5.34090777601657, 35.8756451311619], [-5.34088413595155, 35.8756996848116], [-5.3407974107974, 35.875809515526], [-5.34050204024041, 35.8760766707806], [-5.34037749960604, 35.8761354393564], [-5.34029436142481, 35.8761460694923], [-5.34024093322497, 35.8761178338277], [-5.34022029892291, 35.8761565569598], [-5.34027267250059, 35.876232151412], [-5.3398834091318, 35.876634086108], [-5.33990630898501, 35.8766606685565], [-5.33984233007216, 35.8767565785679], [-5.33951413776962, 35.8770356337142], [-5.33927794822354, 35.8772198550794], [-5.33924446441966, 35.8772459496504], [-5.33904674342899, 35.8773354550557], [-5.33901931876166, 35.8774170876063], [-5.33898755972311, 35.8774424993608], [-5.33868819884965, 35.8776894606912], [-5.33846476807554, 35.8778966151822], [-5.3381666558603, 35.8780804538669], [-5.33758667656341, 35.8784838458442], [-5.33743740261433, 35.8784799954089], [-5.33720205838295, 35.878552180485], [-5.33700173856617, 35.8786484535965], [-5.33684598417063, 35.8786965635413], [-5.33670891832627, 35.8788141666376], [-5.33652667261299, 35.8788785610498], [-5.33629416166799, 35.8789754597296], [-5.33618788827493, 35.8790564260491], [-5.33609278363579, 35.8791168344773], [-5.33584816519741, 35.8792973731106], [-5.3357039254072, 35.8793475104864], [-5.33555967573552, 35.8794336864608], [-5.33532861107811, 35.8789784752784], [-5.3352726163915, 35.8789795627102], [-5.33525198119111, 35.8790430624415], [-5.33525794959786, 35.8791173061337], [-5.33520491126687, 35.8791611636104], [-5.33511531060547, 35.8791989433989], [-5.33501399770943, 35.8792031664655], [-5.33490653404862, 35.8792660997398], [-5.33479728274039, 35.8793313220926], [-5.33464822259035, 35.8793342197141], [-5.33440984474824, 35.8793974491242], [-5.33412513000715, 35.8794841345472], [-5.33378538716669, 35.8795245184683], [-5.33357875399011, 35.8795240322571], [-5.33333824714078, 35.879501680371], [-5.33316770467902, 35.8794689207877], [-5.33309054119274, 35.8794591572531], [-5.33298165909212, 35.8794049315467], [-5.33293086385438, 35.8793473270651], [-5.33289543609618, 35.8793096885527], [-5.33285978555584, 35.8792495743285], [-5.33280034403346, 35.8791943855146], [-5.33275647480658, 35.8791726820624], [-5.33264680578173, 35.8791635495496], [-5.33256826697476, 35.8791763381243], [-5.3324475935877, 35.8791786818469], [-5.33237289687519, 35.8791823852197], [-5.3322899185941, 35.8791614722249], [-5.3321909440127, 35.8790800285332], [-5.33213948132671, 35.8789773550927], [-5.33212385064078, 35.8789393306354], [-5.33206458339158, 35.8789247201726], [-5.33198844039147, 35.8788676051963], [-5.3318563521121, 35.8788589071849], [-5.33178757978891, 35.8788737593117], [-5.33173383987365, 35.8788590367452], [-5.33171441470394, 35.8788571610317], [-5.33163700238434, 35.8788496538099], [-5.3315201279726, 35.8788429144875], [-5.33142562340809, 35.8787816513336], [-5.33137467096519, 35.8787443182571], [-5.33129893130861, 35.878770599388], [-5.33122749368397, 35.878778741318], [-5.33107531009169, 35.8787568856276], [-5.33093757500243, 35.8787235208777], [-5.33047582028514, 35.8786152969716], [-5.33041183418578, 35.878643932074], [-5.33034938779878, 35.8786718392972], [-5.33022321672219, 35.8786878036423], [-5.33012618070522, 35.878696442715], [-5.33002666084645, 35.8787006221364], [-5.32995057444022, 35.8787043342659], [-5.32987185147859, 35.8786968707018], [-5.32976331163609, 35.878667445153], [-5.32968030281226, 35.8786329681814], [-5.32945603840159, 35.8785517139203], [-5.32935608555484, 35.8785063202998], [-5.32928534322622, 35.8784423462943], [-5.32922876014311, 35.8783916049402], [-5.32914273657319, 35.8783594890643], [-5.32904302088172, 35.8783478751428], [-5.32897828918064, 35.8783356192366], [-5.32889920689293, 35.8782943234133], [-5.32883466024482, 35.8783000765156], [-5.32877417128684, 35.8783148020974], [-5.3286688617861, 35.8783461216997], [-5.32857650689004, 35.8783727232262], [-5.32859776462292, 35.8784015884235], [-5.32859247713917, 35.8784332217039], [-5.32845890574126, 35.8784583732826], [-5.32835828814123, 35.87849635721], [-5.32830642031505, 35.8785695066986], [-5.32809796804998, 35.8786726821693], [-5.32801431962566, 35.8787712231708], [-5.32784231650328, 35.8788781949328], [-5.32780430698696, 35.8788676685207], [-5.32778268004651, 35.8788261815456], [-5.32779656710251, 35.8788047392971], [-5.32784159874937, 35.8787700629494], [-5.32783556207064, 35.878729605129], [-5.32782274131493, 35.878693783811], [-5.32782499788291, 35.8786532000304], [-5.3277966802902, 35.8785838901315], [-5.32774860694777, 35.8785735281788], [-5.32770650380874, 35.8785788467227], [-5.32761396385975, 35.8786099580499], [-5.32757469939698, 35.8786441693593], [-5.32756373276399, 35.8786537561223], [-5.32745036896841, 35.878719051766], [-5.32743231283118, 35.878775706837], [-5.32748242894258, 35.8788806638573], [-5.32755030744206, 35.8789289323359], [-5.32762621238864, 35.8789207059888], [-5.32765977165104, 35.8789087922685], [-5.32771436586411, 35.8789054848425], [-5.32776496886237, 35.8789494705409], [-5.32777258118607, 35.8789561559923], [-5.3277560773377, 35.8790060606671], [-5.32770505482619, 35.8790724005069], [-5.32769211549283, 35.8790906655525], [-5.32765274502887, 35.8791072346689], [-5.32761320119008, 35.8790674211813], [-5.32759299179111, 35.8790272364624], [-5.32755497418998, 35.8790054521714], [-5.32750011497391, 35.8790245338975], [-5.32746970520489, 35.8790611979338], [-5.32746700936074, 35.8790860195903], [-5.32748976997506, 35.8791081401327], [-5.32755750115088, 35.8791406079915], [-5.32756451789155, 35.8791787983051], [-5.32729652888275, 35.8796008681369], [-5.32719679522496, 35.8796118064204], [-5.32705958026025, 35.8796775678324], [-5.32693088851097, 35.8797972285839], [-5.32669886984274, 35.8799346939997], [-5.32648512021245, 35.8801416795796], [-5.32628435033973, 35.8803416226364], [-5.32623528885048, 35.880392117455], [-5.32621191468678, 35.8804444093093], [-5.32605444989896, 35.8806592769069], [-5.32552011669661, 35.8811811680533], [-5.3254601307952, 35.8812499283401], [-5.32537025255437, 35.8812877435245], [-5.32525316164867, 35.8814026934226], [-5.32521301593862, 35.8814980998481], [-5.32516129723276, 35.8815284144968], [-5.3250776811478, 35.8816290204717], [-5.32506231546488, 35.8816475207484], [-5.32505161652985, 35.8816950233078], [-5.32500469123434, 35.8817420367298], [-5.32496745516752, 35.8817529943694], [-5.32490202727209, 35.8818466732094], [-5.32483683114204, 35.8819380599743], [-5.32481027784054, 35.881996503225], [-5.32479650936219, 35.8820267136021], [-5.32476124060582, 35.8821069627945], [-5.32474552098667, 35.8821426370014], [-5.32470683414064, 35.8822267872782], [-5.32466217709124, 35.8822975096295], [-5.32458999566153, 35.8824341118617], [-5.32453740019997, 35.8825049832338], [-5.32442861781232, 35.8826558062229], [-5.32425969141977, 35.8828576032677], [-5.32421392405269, 35.8829123557426], [-5.32405231174317, 35.8831160393918], [-5.32346454225615, 35.883659221371], [-5.32339365440043, 35.8837439996025], [-5.32330818149776, 35.8837929849332], [-5.32327210515596, 35.8838725452728], [-5.32325032460361, 35.8839563370796], [-5.32314738036696, 35.8841183438801], [-5.32302254957677, 35.884240419372], [-5.32296871533845, 35.8842930209191], [-5.32292295246291, 35.8843727903676], [-5.32277748377737, 35.8845018000912], [-5.32262513309846, 35.8845949087126], [-5.32261850353165, 35.8846131484668], [-5.3226097189065, 35.8846373155342], [-5.32258223225544, 35.8847129244552], [-5.32250356768432, 35.8848992357075], [-5.32238674986647, 35.8850479624106], [-5.32193592584953, 35.8855051241654], [-5.32183061724709, 35.885604499465], [-5.32179768411047, 35.8856355789204], [-5.3216580095585, 35.8857673944534], [-5.32135182418382, 35.8860212017277], [-5.32103409366107, 35.8861873403903], [-5.32069764943435, 35.8862952460913], [-5.32066577541144, 35.8863396156025], [-5.32064343071707, 35.8863706547405], [-5.32031013059384, 35.8866360211158], [-5.32025477191444, 35.8866801408023], [-5.3198681981016, 35.8868724000494], [-5.31935245104246, 35.8870986845396], [-5.31913516115165, 35.8871614754434], [-5.31895673417666, 35.8872031902176], [-5.31883585866866, 35.8871897777669], [-5.31870108801985, 35.8872216935589], [-5.31841373133349, 35.8869230122457], [-5.31837429349589, 35.8869350368406], [-5.31858163454495, 35.8871729053971], [-5.31862927669604, 35.8872275872041], [-5.31851219118023, 35.8872366037963], [-5.3179650695615, 35.8872764444724], [-5.31790795018416, 35.8871941816274], [-5.31778240253835, 35.8871154885128], [-5.31771721269648, 35.8870153036211], [-5.31765881411821, 35.8869240748235], [-5.31765413838715, 35.8868835884175], [-5.31765825806104, 35.8868451856641], [-5.31768606990224, 35.8867905974784], [-5.31769395351717, 35.8867521182615], [-5.3177317950485, 35.8867085619284], [-5.31772147699913, 35.8866637144624], [-5.31772271218268, 35.8866118561139], [-5.31769422929994, 35.8865718295154], [-5.31764464229626, 35.886532245397], [-5.31759139465781, 35.8865242461844], [-5.31751699618597, 35.8865369455072], [-5.31749210656439, 35.8865959981685], [-5.31735254969174, 35.8867361853813], [-5.31712406230091, 35.886841979005], [-5.3170383450565, 35.8868346108208], [-5.31698769534582, 35.8868558740417], [-5.31693880992638, 35.8868883823921], [-5.3167252839766, 35.8869262873141], [-5.31626346907221, 35.8869960411442], [-5.31559458261335, 35.8870495185779], [-5.31553160262707, 35.8870507325346], [-5.31545584859748, 35.8870769679697], [-5.31534688744511, 35.8870092156396], [-5.31527663918988, 35.8869970585978], [-5.31520761354175, 35.886969125924], [-5.31512014548087, 35.886923461294], [-5.31506356599101, 35.886870463391], [-5.31501858644641, 35.8868713316486], [-5.31450876916649, 35.886754964666], [-5.31446579376327, 35.8868256465841], [-5.3139098875194, 35.8867179541218], [-5.31387331530753, 35.8867108690385], [-5.31382131902227, 35.8867186280599], [-5.3136371095918, 35.8866951479383], [-5.31354114795987, 35.8866451629562], [-5.31345447670464, 35.8865566884414], [-5.31342480714744, 35.8864874247596], [-5.31341269965403, 35.8864065053373], [-5.31342959876116, 35.8863791517824], [-5.31348412560058, 35.8863375246378], [-5.31354966758204, 35.8862957220717], [-5.31356942153515, 35.8862705307693], [-5.3135363931771, 35.8861832945513], [-5.31351766240508, 35.8861228107268], [-5.31348778623538, 35.8860602890135], [-5.3133806253068, 35.8860285328696], [-5.31332041931816, 35.8860409920976], [-5.31336807584228, 35.886060342143], [-5.31342192894528, 35.8861156462599], [-5.31345466355421, 35.886157809182], [-5.31344080883757, 35.8862054087449], [-5.31341452862395, 35.8862307252493], [-5.31335704093733, 35.8862408423875], [-5.31330225538312, 35.8862486538566], [-5.31327109641916, 35.8862379915977], [-5.31330307464664, 35.8862058083068], [-5.31335212176286, 35.8861800885932], [-5.31335471789401, 35.8861484715072], [-5.31328590334999, 35.8861520501002], [-5.31320488788779, 35.8861986911544], [-5.31307043973414, 35.8862643954236], [-5.31292101756307, 35.8862582513438], [-5.31267758130757, 35.8861818236679], [-5.31250978050409, 35.8861264591899], [-5.31223446573412, 35.8859312061372], [-5.31215897491091, 35.8858222293418], [-5.31194700574153, 35.8856640419063], [-5.31139821145971, 35.8853613677896], [-5.31133321834891, 35.8852927639119], [-5.31112968436005, 35.8851614781619], [-5.31093354799755, 35.8850232874568], [-5.3109666365427, 35.884970815945], [-5.31091890635673, 35.8849604715676], [-5.31087243291382, 35.8849568638083], [-5.3107976643361, 35.8849335279988], [-5.31069528963136, 35.8849241989134], [-5.31067376420054, 35.8849199805186], [-5.31054874745908, 35.8848954882056], [-5.31050184551976, 35.8848919233842], [-5.3104543992014, 35.8848882937874], [-5.31037980310022, 35.8848716785726], [-5.31029963474932, 35.8848529483326], [-5.31030077291478, 35.8848326583866], [-5.31029643584859, 35.8848147229084], [-5.31019395244773, 35.8848008937446], [-5.31015582076053, 35.884799374072], [-5.31011363228152, 35.8848001841273], [-5.31005321878205, 35.8847946098112], [-5.3099716840936, 35.8847623757146], [-5.30991088252189, 35.884756789023], [-5.30985477195262, 35.8847555793979], [-5.30981119377989, 35.8847564178383], [-5.30975777007161, 35.8847281677755], [-5.30969586986035, 35.8847293584779], [-5.30964382596434, 35.8847619251984], [-5.30952560228307, 35.884732633637], [-5.3094468344057, 35.8847003281894], [-5.30932714108061, 35.8846913535216], [-5.30922732747275, 35.8846640081081], [-5.30918787885538, 35.8846625190012], [-5.30917081445822, 35.8846357645627], [-5.3091902252549, 35.8846128879093], [-5.30920407907321, 35.884590099315], [-5.30917051981081, 35.8845771929807], [-5.3091495180978, 35.8845821392081], [-5.30911308692144, 35.8846031082691], [-5.30903867856813, 35.8846383053613], [-5.3089851452654, 35.8846438542149], [-5.30895848326779, 35.8846083339756], [-5.30890472269129, 35.8845913497001], [-5.30885830494394, 35.8845786937342], [-5.30882161774774, 35.8845658652742], [-5.30879479225672, 35.8845484020874], [-5.30876658066521, 35.8845196082726], [-5.30871322882219, 35.8845048685602], [-5.30869193785162, 35.884487263436], [-5.30868746963139, 35.8844648285239], [-5.30865815580704, 35.8844676415311], [-5.30860181167579, 35.8844709771097], [-5.3085553445211, 35.8844808812227], [-5.30851609173646, 35.8844883915499], [-5.30848940278936, 35.8844731387218], [-5.30845958411181, 35.8844376198615], [-5.30844395881577, 35.8844221734246], [-5.30840597175734, 35.8844138981566], [-5.30834254441008, 35.8843880534044], [-5.3083004053384, 35.8844024117628], [-5.30825418252548, 35.884396507718], [-5.30820777645619, 35.8843951467017], [-5.30815593468117, 35.8844096957466], [-5.30813372832735, 35.884455164588], [-5.30807350257575, 35.8845036727598], [-5.30799274133676, 35.8845119625748], [-5.30798067247092, 35.8845144487913], [-5.3079146328228, 35.884515717373], [-5.30780542193877, 35.8845335830486], [-5.30774209969438, 35.8845325451845], [-5.30767135107757, 35.8845068816971], [-5.30765742719066, 35.8844913843266], [-5.30764033135247, 35.8844736569264], [-5.30762047858471, 35.8844470108686], [-5.30763017679651, 35.8844355841606], [-5.30761611995893, 35.8844155633997], [-5.30759640822665, 35.8844046483418], [-5.30755956831685, 35.8843985958227], [-5.30753848575547, 35.8844012538073], [-5.30750090563386, 35.8844290410959], [-5.30747716316091, 35.8844339997055], [-5.30744449143401, 35.8844165721527], [-5.30744875034678, 35.884398475733], [-5.30746522634742, 35.8843688776264], [-5.30744678932452, 35.8843309081602], [-5.30722659338376, 35.8842089441639], [-5.30718458277117, 35.8842052446653], [-5.30712565328854, 35.8842131378508], [-5.30705790684141, 35.8842166874186], [-5.30699749963012, 35.8842223556638], [-5.30694442626481, 35.8842414295829], [-5.3068391374253, 35.8842637204504], [-5.30676034259847, 35.8842562246584], [-5.30666647943108, 35.884314369977], [-5.30660770535698, 35.8843402737064], [-5.30660101560307, 35.8843832308935], [-5.30660092217827, 35.8844057546224], [-5.30661277724506, 35.8844438499648], [-5.30656776086955, 35.8844559957535], [-5.306524023695, 35.8844387989232], [-5.30649462183573, 35.8844393637082], [-5.30644137689224, 35.8844651618635], [-5.30642293627606, 35.8844745244825], [-5.30639516036747, 35.8844953269022], [-5.30639677913164, 35.8845268616773], [-5.30636876966108, 35.8845521743516], [-5.30630964344738, 35.8845533104704], [-5.30627436301292, 35.8845179546767], [-5.30625189974093, 35.8844958247278], [-5.30622624655135, 35.8844467714173], [-5.30619489265299, 35.8844045260688], [-5.3061581641343, 35.8843917376104], [-5.30612879371606, 35.8843810387108], [-5.3061158759423, 35.8843542230405], [-5.30609757187004, 35.8843433152525], [-5.30605256088445, 35.8843306861761], [-5.30602125100351, 35.8843132142037], [-5.30596658492521, 35.8843142629879], [-5.3059426852471, 35.8843372801961], [-5.30593871828678, 35.8843553751742], [-5.305983899054, 35.884361263938], [-5.30603047310821, 35.884391937032], [-5.30597979644809, 35.8843996657125], [-5.30596439932414, 35.8844179804767], [-5.30598283994029, 35.8844333912515], [-5.30601953881458, 35.8844574979651], [-5.30608601863717, 35.8845057703233], [-5.30604406372017, 35.884538143537], [-5.30603013264675, 35.884583489304], [-5.30607241994041, 35.8845984429792], [-5.30611183082857, 35.884595432739], [-5.30610933980029, 35.8846292644554], [-5.30607147670936, 35.8846480471509], [-5.30603202899029, 35.8846127307014], [-5.30598961503416, 35.8846067895538], [-5.3059112828397, 35.8846263131693], [-5.30590236526388, 35.8845949531093], [-5.30587566463868, 35.8845684002526], [-5.30584306477701, 35.8845307402034], [-5.30575743197424, 35.8845504035782], [-5.30570954368477, 35.8845580791126], [-5.30569798955357, 35.8845290232878], [-5.30567989658543, 35.8845135695906], [-5.30562776555287, 35.8845191082636], [-5.30556586534161, 35.8845089981836], [-5.30553336159966, 35.8844983640754], [-5.30549985084631, 35.8845012600523], [-5.3055057446929, 35.8845597385301], [-5.30553256569234, 35.8845772431998], [-5.30553007017246, 35.8845998483886], [-5.30558503808469, 35.8846460886037], [-5.30555981428983, 35.8846578719101], [-5.30552203653889, 35.8846811182798], [-5.30547306488115, 35.8847226356675], [-5.30543682953753, 35.8847255847666], [-5.30542676571142, 35.8847009664818], [-5.30541403119397, 35.8846786895657], [-5.30540522141596, 35.8846518310553], [-5.30537440291351, 35.8846614316474], [-5.30529280174974, 35.884665251214], [-5.30521833231099, 35.8846756909736], [-5.30516398782958, 35.8846992561203], [-5.30513717222002, 35.8846930100251], [-5.30509469448351, 35.8846848206674], [-5.30504722930051, 35.8846970071767], [-5.30502486574153, 35.8847244835852], [-5.30500799807543, 35.8847405726221], [-5.30495744987439, 35.884750552394], [-5.30494782801938, 35.8847777616767], [-5.30496062631723, 35.8847888142396], [-5.304990234789, 35.884808513941], [-5.30503810601048, 35.8848346234795], [-5.30503704330352, 35.8848707171331], [-5.30499504975893, 35.8848782790979], [-5.30496252086417, 35.8848541295715], [-5.3048963428755, 35.8848531462974], [-5.30485139028038, 35.8848652723725], [-5.30485322104693, 35.884892260361], [-5.30481109455168, 35.8849088355418], [-5.30473537914963, 35.8849238401024], [-5.30466400171209, 35.8849679993167], [-5.30462588619461, 35.8849687314945], [-5.30457695136782, 35.8849989887734], [-5.30453359597724, 35.8850200887298], [-5.30451257090804, 35.8850475199021], [-5.30450147761259, 35.8850702901695], [-5.30445502213599, 35.8850554166426], [-5.30442303582367, 35.8850875618272], [-5.30439198196261, 35.8851016696922], [-5.30434732850645, 35.8851137884511], [-5.30429647128495, 35.8851147637159], [-5.30425053413627, 35.885128310435], [-5.30419969667774, 35.8851436861367], [-5.304183191931, 35.8851597692659], [-5.30413417086596, 35.8851877695364], [-5.30408778006805, 35.8851886596467], [-5.30404968161855, 35.8851983999129], [-5.30402194074425, 35.8852079414863], [-5.30397109070929, 35.8852224299738], [-5.30394754137411, 35.8852206315587], [-5.30390932704192, 35.885228121437], [-5.303846330886, 35.8852405880689], [-5.3037873106735, 35.8852462271286], [-5.30376226654168, 35.8852782747095], [-5.30374277130341, 35.8853101803548], [-5.30375968208863, 35.8853324308922], [-5.30374318901999, 35.8853597571519], [-5.30371787090203, 35.8853715025062], [-5.30366315990797, 35.885395108203], [-5.30362247251381, 35.8854229177048], [-5.30355657120624, 35.8854557490617], [-5.30346689957798, 35.8854777411869], [-5.30338541339853, 35.885483807452], [-5.303336482165, 35.8855027646182], [-5.30328161845734, 35.8855218316787], [-5.30325671446274, 35.8855471200173], [-5.30316107352937, 35.8855557335965], [-5.30307547665921, 35.8855641120937], [-5.30301483588597, 35.8855607685552], [-5.30300623990702, 35.8855271140934], [-5.30299045291419, 35.8854958853952], [-5.30296533781547, 35.8854896102507], [-5.30292295530038, 35.8854971794344], [-5.30293054786115, 35.8855556302481], [-5.30293509962471, 35.8856163910718], [-5.30288621330693, 35.8856376145905], [-5.30282998505838, 35.885656675796], [-5.30276669694997, 35.885646645192], [-5.3027006303524, 35.8856118779529], [-5.30260861501955, 35.8855663282613], [-5.30257086511635, 35.8855670524277], [-5.30255674719334, 35.8855808166832], [-5.30252035015297, 35.8855680211367], [-5.30244585825636, 35.8855649243245], [-5.30239811549396, 35.8855771026925], [-5.30234859406727, 35.8855645356764], [-5.3022659292982, 35.8855661201089], [-5.30221944148224, 35.8855737904503], [-5.30221835452075, 35.8856098626607], [-5.3022088180057, 35.8856393227483], [-5.30218636281856, 35.8856645280798], [-5.30218379184019, 35.885693895716], [-5.30218678412843, 35.8857276003253], [-5.30215075899059, 35.8857846506751], [-5.30204717784844, 35.8858903138376], [-5.30202749396391, 35.8858929412045], [-5.30198735005052, 35.8859387942016], [-5.30189024126999, 35.8859451581024], [-5.30184553930482, 35.8859550249132], [-5.301823150593, 35.8859824775956], [-5.30174165273546, 35.8859772832752], [-5.30168332871731, 35.8859130503838], [-5.30166207817097, 35.8858841631786], [-5.30163270775274, 35.8858734266348], [-5.30159154784476, 35.8858629753883], [-5.30153689883444, 35.8858527592207], [-5.30149745291199, 35.8858647781556], [-5.30138223050209, 35.8858669870368], [-5.30135016244307, 35.8858946653685], [-5.30134203089311, 35.8859240984216], [-5.30135768763019, 35.8859508633419], [-5.30133240634317, 35.8859738691574], [-5.30129581167341, 35.8859542985669], [-5.30122533524613, 35.8859466035171], [-5.30116207768045, 35.8859501057001], [-5.30110038138674, 35.8859715591147], [-5.3010895701623, 35.886003298542], [-5.30106284438429, 35.8860376260174], [-5.30100400113992, 35.8860252417525], [-5.30099675622712, 35.8860028232876], [-5.30101195302679, 35.8859777563463], [-5.30098628905745, 35.885939925206], [-5.3009819600761, 35.8859219899787], [-5.30096063856282, 35.8858908676953], [-5.30085943975281, 35.8858860147082], [-5.30078366596027, 35.8858874659465], [-5.3007276083916, 35.8859358720764], [-5.30072396302818, 35.8860012949046], [-5.30072732452399, 35.8860688297568], [-5.30066831958284, 35.8860992787548], [-5.30059132408152, 35.8861187685235], [-5.3005044129761, 35.8861407051518], [-5.3004406891848, 35.8861171520789], [-5.30038876386644, 35.8861046353667], [-5.30034627085854, 35.8860716274232], [-5.30033736945241, 35.8860501245452], [-5.30031758675322, 35.8860023240159], [-5.3002439958668, 35.8859113356817], [-5.30017708036131, 35.8859914986964], [-5.30016747377765, 35.8860051988316], [-5.30016046602013, 35.8860256012863], [-5.30012562755676, 35.8860555823248], [-5.30013959635943, 35.886071080117], [-5.30016936113806, 35.8861065654936], [-5.30021301746423, 35.886119259061], [-5.30014746470301, 35.8861746082604], [-5.30007859356513, 35.8861871860967], [-5.30005194144895, 35.8861989589846], [-5.30002827712944, 35.8862309799791], [-5.30000344589834, 35.8862697411075], [-5.30000075274915, 35.886321610597], [-5.29998458307403, 35.886396299429], [-5.29992286072916, 35.8864042367918], [-5.29988329173754, 35.8863892296006], [-5.29985511068876, 35.8863717544434], [-5.29978600419225, 35.8863392575256], [-5.29978353472353, 35.8864091588879], [-5.29979358956651, 35.8864337773695], [-5.29984788014903, 35.8864683295476], [-5.29987708168397, 35.8864975302203], [-5.2999347418471, 35.8865279564916], [-5.29997585234777, 35.8865609897178], [-5.3000443964989, 35.8865371150838], [-5.30008521774203, 35.8865115621433], [-5.30012743586545, 35.8865107528332], [-5.30013075963198, 35.8865237964061], [-5.300135985132, 35.8865443697593], [-5.30010374549477, 35.8865788076253], [-5.30009482971557, 35.8866125416976], [-5.30008880291835, 35.8866354352403], [-5.30010305199537, 35.8866621911867], [-5.30003522919142, 35.8868302615249], [-5.29997109397171, 35.8868921137883], [-5.29994463409501, 35.8869176171161], [-5.29989398438436, 35.8869005722013], [-5.29983042767968, 35.8868702181247], [-5.29978254118685, 35.8868531200706], [-5.29975987938717, 35.8868603099437], [-5.29973221397135, 35.8869216854791], [-5.29975203799304, 35.8869483692773], [-5.29979162764595, 35.8869656303362], [-5.29982820165441, 35.8869604222522], [-5.29988304290418, 35.8869661281464], [-5.29987065064485, 35.8869933934356], [-5.29981733922601, 35.8870169724484], [-5.29980328688001, 35.887033007163], [-5.29979585781262, 35.8870482522201], [-5.29980639864416, 35.8870802801491], [-5.29981803452203, 35.887147643778], [-5.29979332725846, 35.88721573514], [-5.29970955037505, 35.8872736810547], [-5.29959931900485, 35.8874132520866], [-5.29948916758473, 35.8875302978553], [-5.29929630108983, 35.8876827087645], [-5.29919429738935, 35.8878063551441], [-5.29918459199101, 35.8878394365985], [-5.29916970511011, 35.8878901951892], [-5.29911220664373, 35.8879250989791], [-5.29901448072059, 35.8880171097179], [-5.29885278127452, 35.8881959869168], [-5.29882438013849, 35.8882831867119], [-5.29880987324496, 35.8883275107147], [-5.29870143311545, 35.8885031151203], [-5.29861922738549, 35.8885700394167], [-5.29847897072521, 35.8886267769577], [-5.29840277382618, 35.8886012115915], [-5.29832105408479, 35.8885531891742], [-5.29829241040364, 35.8884726211967], [-5.29825533423694, 35.8884237275497], [-5.29822139678379, 35.8883861079063], [-5.29819453715681, 35.8883798664686], [-5.29816537514774, 35.8884006918792], [-5.29813300884805, 35.8884305934183], [-5.29813077653456, 35.8884468796582], [-5.29812902392146, 35.8884599833177], [-5.29813756959475, 35.888480092573], [-5.29811139538232, 35.8885211698465], [-5.29808481063981, 35.888546448494], [-5.29805100254409, 35.8885516026181], [-5.29800221414269, 35.8885998681141], [-5.2980206583521, 35.888626544069], [-5.29808705193644, 35.888672605083], [-5.29811685534261, 35.8887216215705], [-5.29814089875119, 35.8887639868825], [-5.2981458367903, 35.8888382527568], [-5.29811263415908, 35.8888974834623], [-5.29799762285326, 35.8889879982234], [-5.29798939787854, 35.8889944710452], [-5.29778341867544, 35.8890772756666], [-5.2974383084012, 35.889185317162], [-5.29736422074645, 35.8892292906015], [-5.29722248096766, 35.8893133751266], [-5.29703819518037, 35.889452106356], [-5.29685330213198, 35.8895322847082], [-5.29659783743484, 35.8896430670848], [-5.29643079301281, 35.8896350034151], [-5.29637132454099, 35.8896135786481], [-5.29632928787729, 35.8895963683824], [-5.29624601135549, 35.8895776887481], [-5.29612471004607, 35.8895259196402], [-5.29612839403703, 35.8894492396709], [-5.29609737341363, 35.8894182606889], [-5.29598012979432, 35.8893484136547], [-5.29582783750589, 35.8892769516342], [-5.29578685815926, 35.8892484178975], [-5.29573911809182, 35.8892268088996], [-5.29570368674037, 35.8892229837309], [-5.29562131392376, 35.8892583381518], [-5.29558041362888, 35.8892568716921], [-5.29557748062948, 35.8892276451095], [-5.29559476152061, 35.8892015850523], [-5.29560101648994, 35.8891911255117], [-5.29560526821617, 35.8891820356371], [-5.29559105417343, 35.8891462736295], [-5.29557402481058, 35.8891307939057], [-5.29553307690499, 35.88911581052], [-5.2954912297858, 35.8891414215697], [-5.29546857876589, 35.8891598735141], [-5.29541406989278, 35.8891789338718], [-5.2953926774126, 35.8891568219642], [-5.29541313744149, 35.8891268923162], [-5.2954246987592, 35.8891156343989], [-5.29545825173339, 35.8890654064128], [-5.29546085505108, 35.8890360800544], [-5.29544651524421, 35.8890211425005], [-5.29541837461961, 35.8889918073925], [-5.29537171432714, 35.8889589207352], [-5.29526040138533, 35.8889159645745], [-5.29517997162468, 35.888888225438], [-5.29512095770039, 35.8888690441997], [-5.29503758505887, 35.8888233420932], [-5.29494338502324, 35.8887980824563], [-5.29490380525183, 35.8887943314999], [-5.29486325080833, 35.8888041164449], [-5.29479020070773, 35.8888393320477], [-5.29474557869264, 35.8888401864559], [-5.29470052728281, 35.8888387934939], [-5.29463860461365, 35.8888422300491], [-5.29459928086208, 35.8888339545152], [-5.2945737624198, 35.8888254147979], [-5.29456666483076, 35.8888075311684], [-5.29464388131764, 35.8887947965487], [-5.29472386461557, 35.8887842590824], [-5.29475905342191, 35.8887678208068], [-5.29475189115411, 35.8887476490358], [-5.29472936949165, 35.8887345679849], [-5.29466716834473, 35.8886906772373], [-5.29464168942832, 35.8886708918962], [-5.2946162671058, 35.8886421003079], [-5.29460485131515, 35.8886175079851], [-5.29457793868757, 35.8885977495535], [-5.29454408028621, 35.8885871378277], [-5.29450756197326, 35.8885810805337], [-5.2944568170412, 35.8886000646141], [-5.29444187626137, 35.8886341347862], [-5.29443080272885, 35.8886569032946], [-5.2944124546392, 35.8886820283379], [-5.29438033896947, 35.8887074532172], [-5.29433273634424, 35.8887128693304], [-5.29430025865345, 35.8887044453164], [-5.29427767141397, 35.8886755955183], [-5.29429165997957, 35.8886573137609], [-5.29431093243566, 35.8886411432809], [-5.29434471358191, 35.8886247326312], [-5.29436562097186, 35.8886063140398], [-5.29438092646767, 35.8885722009169], [-5.29439458894483, 35.8885426625924], [-5.29440164431306, 35.8885222556918], [-5.29438454667824, 35.8884932690049], [-5.29435494179976, 35.8884870785202], [-5.29429730678946, 35.8884701605767], [-5.29426064384775, 35.8884708614276], [-5.29417209152031, 35.8884477420763], [-5.29400524832089, 35.8885095261206], [-5.293950412461, 35.8885038166988], [-5.29389685490375, 35.888507071324], [-5.29382669198849, 35.8885354939777], [-5.29379183016897, 35.8885631881157], [-5.29378852347039, 35.8885760792448], [-5.29378354860036, 35.8885994161642], [-5.29375448001608, 35.8886360095404], [-5.29364363779149, 35.8886809526837], [-5.29362146198038, 35.888717413567], [-5.29359053388348, 35.8887360599264], [-5.29356104937921, 35.8887591442604], [-5.29349692404097, 35.8888144566814], [-5.29346320577679, 35.8888353700384], [-5.29344520803007, 35.8888469751443], [-5.29340458711122, 35.8888770657365], [-5.29338218761963, 35.888906775691], [-5.29333494971039, 35.8889482537469], [-5.29329427309603, 35.8889670448791], [-5.29327295427771, 35.8889719595382], [-5.29327877625906, 35.888937842206], [-5.29328669041669, 35.8889063455761], [-5.29329906291311, 35.8888790809455], [-5.29331538799677, 35.8888465399347], [-5.29332130430122, 35.8888110565136], [-5.29332386719474, 35.8887929880258], [-5.2933238177874, 35.8887659249501], [-5.29329819603885, 35.8887303803598], [-5.29324728491845, 35.8887042888445], [-5.2932051054226, 35.8886960846182], [-5.29313793120228, 35.8887424505301], [-5.29311556225339, 35.8887338685919], [-5.29305216095728, 35.8887215313263], [-5.29297205638677, 35.888741110694], [-5.29287930443536, 35.8887406340005], [-5.29282900686428, 35.8887618617764], [-5.29277438121018, 35.8887989616094], [-5.29273197174561, 35.8887929923924], [-5.29269434221666, 35.8888207752289], [-5.29261619597346, 35.8888831171856], [-5.29256710483984, 35.8889200874179], [-5.29256186227182, 35.888956261448], [-5.29258133684886, 35.8889716502341], [-5.29261253444039, 35.8889733081036], [-5.29262820914378, 35.8890000734489], [-5.29260561831101, 35.8890095134036], [-5.29254797431752, 35.8890151179895], [-5.2925298337387, 35.8890334826305], [-5.29250316904613, 35.889033992072], [-5.29248639480483, 35.8890093161769], [-5.29248872683129, 35.8889644139753], [-5.29246162376086, 35.8889243543605], [-5.29238751724148, 35.8889483272521], [-5.29235351780463, 35.8889579862731], [-5.29234161063554, 35.889025813352], [-5.29232881054103, 35.8890373201806], [-5.29230697159816, 35.8891075917808], [-5.29229335673172, 35.8891641935711], [-5.29226796674852, 35.8891601755396], [-5.29224715996992, 35.8891166343588], [-5.29225601286705, 35.8890815411452], [-5.29227129590497, 35.8890474282269], [-5.2922412634284, 35.8889916596544], [-5.2922176413297, 35.8889876037699], [-5.29214324824774, 35.8890250972227], [-5.29209870079281, 35.8890890466694], [-5.29202435083, 35.8891264985911], [-5.29198946475596, 35.889154247833], [-5.29197418890455, 35.8892144811719], [-5.29197051838827, 35.8892289521876], [-5.29193102395682, 35.88922745225], [-5.29185111252409, 35.8892537524633], [-5.29178250728753, 35.8892866280815], [-5.29171925511173, 35.8893148648739], [-5.29171205241981, 35.8892924808179], [-5.29173453096314, 35.8892672402526], [-5.29177527135791, 35.8892529286258], [-5.29180032357456, 35.8892209379642], [-5.29181980533811, 35.8892002612349], [-5.29181832401623, 35.8891732616146], [-5.29177867507454, 35.8891537507644], [-5.29173228158168, 35.8891546357357], [-5.29170988837826, 35.8891820865811], [-5.2916609373818, 35.8892010406788], [-5.29164521866099, 35.8891720629736], [-5.29165495460203, 35.8891493557462], [-5.2916771340064, 35.8891263705031], [-5.29163758118443, 35.8890865853407], [-5.29160952320486, 35.8890758259424], [-5.29149959097362, 35.8890554031682], [-5.29149134982922, 35.8890938827213], [-5.29145918115889, 35.8891080087948], [-5.29145515221484, 35.889124071469], [-5.29145238720041, 35.889135166364], [-5.29140469025206, 35.8891496242942], [-5.29134574639638, 35.8891597599816], [-5.29134105090238, 35.889169191184], [-5.29133203900347, 35.8891870492598], [-5.2913589246816, 35.88922035138], [-5.29140377217386, 35.8892375151501], [-5.2914420430999, 35.8892570580017], [-5.29151387508497, 35.8892872539648], [-5.29156174091658, 35.8893021055916], [-5.29158469916026, 35.8893422436144], [-5.29153236331183, 35.8893274407559], [-5.29147897733279, 35.8893374643437], [-5.29128548561048, 35.8893862402554], [-5.29125335736436, 35.8894229235115], [-5.29122985114831, 35.8894842213728], [-5.29125686169227, 35.8895445497984], [-5.29127533913937, 35.8895622156586], [-5.29129532036624, 35.8896069137461], [-5.29129545870679, 35.8896226772064], [-5.29127169557258, 35.8896388955186], [-5.29123222090406, 35.8896396494862], [-5.29116485803751, 35.8896566989059], [-5.29116095485759, 35.8896770829534], [-5.29114123414218, 35.8896887177744], [-5.29113165989788, 35.8896934067808], [-5.2911202944129, 35.8896958775514], [-5.29109641629432, 35.8897188538961], [-5.29106863769081, 35.8897532052326], [-5.29103348930868, 35.8897583774724], [-5.29100538731165, 35.8897318678298], [-5.29099811814437, 35.8897072132573], [-5.29093429284342, 35.8896430845513], [-5.29089904115506, 35.8896212354977], [-5.290838688741, 35.8896178797584], [-5.29080918716876, 35.8896387113933], [-5.29081593621148, 35.889655717147], [-5.29082782810922, 35.8896856931723], [-5.29083908759298, 35.8896922336195], [-5.29084364294979, 35.8897417327132], [-5.29085767553285, 35.8897594793115], [-5.2908629621183, 35.8897751437651], [-5.29087357481508, 35.8898065083237], [-5.29086126609905, 35.889836023616], [-5.29088386411833, 35.8898761701013], [-5.29090673073388, 35.8899005087709], [-5.29093028096739, 35.8898887961101], [-5.29095568352698, 35.8898815562962], [-5.29098505125025, 35.8898787238317], [-5.29099774085195, 35.8898987723221], [-5.29100501001923, 35.8899234035464], [-5.2909943110842, 35.8899709448078], [-5.29098319443256, 35.8900072260668], [-5.2909497250017, 35.8900597044301], [-5.29091464129829, 35.8900671298075], [-5.29088808170857, 35.8900586273391], [-5.2908468696983, 35.8900323499539], [-5.29082570808514, 35.89000797712], [-5.29076087846771, 35.8899934138205], [-5.29075848625414, 35.8900520549007], [-5.29075719896833, 35.8900678801323], [-5.29075754212476, 35.8900924632715], [-5.2907491509617, 35.8901130764525], [-5.29073096906035, 35.8901330477406], [-5.29071995302001, 35.8901452057564], [-5.29069342936295, 35.8901749887392], [-5.29065667299644, 35.8901734182264], [-5.2906246211071, 35.890201113247], [-5.29060483301804, 35.8901992363466], [-5.29056274065878, 35.8901910300919], [-5.29052620976942, 35.8902097459696], [-5.29050969064966, 35.8902370851015], [-5.29048708544387, 35.8902330132701], [-5.29045760183793, 35.8902425862583], [-5.29045528148953, 35.8902566233398], [-5.29045346150277, 35.8902674757312], [-5.29043691992512, 35.8902948374039], [-5.29040613376203, 35.890306664991], [-5.29038377199965, 35.8903115941222], [-5.29033321301884, 35.8903238576361], [-5.29031757155311, 35.89032186648], [-5.29029253730277, 35.8903403996585], [-5.29029542358978, 35.8903696214639], [-5.29023626413843, 35.8903707494939], [-5.2902012262491, 35.8903443943418], [-5.29020359510648, 35.89031953837], [-5.2901723624807, 35.8902795936996], [-5.29012044794211, 35.890291846302], [-5.29008017646793, 35.8903241458297], [-5.29007592114841, 35.89035579327], [-5.29008888383796, 35.8903735608358], [-5.2900931337676, 35.8904005447638], [-5.29008649162436, 35.8904479671138], [-5.28997690704117, 35.8904523111166], [-5.2899303895808, 35.8904464424553], [-5.28989087628474, 35.8904224212573], [-5.28990779245985, 35.8904085865228], [-5.28990884348872, 35.8903837553151], [-5.28991043171016, 35.8903679599849], [-5.2898820808798, 35.890357236421], [-5.28983703036829, 35.8903409345633], [-5.28982295825936, 35.8903358431431], [-5.28977101497469, 35.8903345804767], [-5.28973454786572, 35.8903555487421], [-5.28973056293913, 35.8903848840727], [-5.28975436470089, 35.8904047519502], [-5.28978426782007, 35.8904222000181], [-5.28975169400956, 35.8904340850792], [-5.28969994116771, 35.8904260622447], [-5.289686903918, 35.8903947437805], [-5.28967256950101, 35.8903657352184], [-5.2896725326701, 35.890340965857], [-5.28958795628607, 35.8903132606967], [-5.28952036884075, 35.8903100454449], [-5.28948815974623, 35.8903219188788], [-5.2894561446878, 35.8903518473474], [-5.28940849175694, 35.8903797802835], [-5.28937628266245, 35.8903916398794], [-5.28936363168829, 35.8904212124466], [-5.28933567791328, 35.8904352611406], [-5.28931610991144, 35.8904552403528], [-5.28930641169964, 35.8904650971407], [-5.28925733044746, 35.8904795810276], [-5.28921534049613, 35.8904758781831], [-5.28918686929153, 35.8904380994073], [-5.28915686825596, 35.8903935873681], [-5.28911340596589, 35.8903741488669], [-5.28904415034907, 35.8903506938454], [-5.28895956408361, 35.8902982171305], [-5.28889732969902, 35.8902633303973], [-5.28880997033429, 35.8902109067512], [-5.28876488209354, 35.8902207759415], [-5.28871744386002, 35.8902442382791], [-5.28866241486232, 35.8902430331045], [-5.28865984747725, 35.8902633551413], [-5.28862624779068, 35.8903113452276], [-5.28859009868535, 35.8903300530715], [-5.28854201276649, 35.8902949145466], [-5.28851653385008, 35.8902750910351], [-5.28846618058348, 35.8903188812012], [-5.28844202219053, 35.8902968198275], [-5.28840417526929, 35.8902817391423], [-5.28835221671327, 35.890291739321], [-5.28827336619088, 35.8902707200953], [-5.28820187915889, 35.8902903776782], [-5.28817641820879, 35.8902907313706], [-5.28814834226291, 35.89029111854], [-5.28810651041508, 35.890355012382], [-5.2881066056365, 35.890368563299], [-5.28807596949202, 35.8903871670594], [-5.28798721055208, 35.8903820982029], [-5.28794803053097, 35.8903805946482], [-5.28788041164459, 35.8903525663757], [-5.28784804264994, 35.890346426252], [-5.28781692950008, 35.8903357601783], [-5.28781016877925, 35.8904012368646], [-5.28782466219805, 35.8904482975171], [-5.28787268074324, 35.8904811624507], [-5.28795472118319, 35.8905404479649], [-5.28795334765913, 35.8905652667514], [-5.28790111960851, 35.8905549631316], [-5.2877565806793, 35.8905712838669], [-5.28771735394578, 35.8906035614478], [-5.28763327612678, 35.8906412375307], [-5.28758700121153, 35.8906218100067], [-5.28755300357128, 35.8905954345608], [-5.28745748211385, 35.8905950015441], [-5.28732672513774, 35.8906110035127], [-5.28731410201136, 35.8906067417553], [-5.28722269843119, 35.8906287506439], [-5.28719185836917, 35.890615826372], [-5.28717240714836, 35.8906747930271], [-5.28720504294261, 35.8907011946459], [-5.2872191177465, 35.8907212356504], [-5.28725019586205, 35.8907431651816], [-5.28719155923021, 35.8907623190389], [-5.28712110436245, 35.890768181127], [-5.2870622557282, 35.8907918266972], [-5.28704775332626, 35.8908083118569], [-5.28696690315406, 35.8908477330035], [-5.28692748687602, 35.890837238748], [-5.28684293205159, 35.8908095177507], [-5.28679978956175, 35.8908373631945], [-5.28674669373858, 35.8908812047203], [-5.28667945034798, 35.8909253140362], [-5.28660513092788, 35.8909672706258], [-5.28656590509269, 35.8909995851609], [-5.28652550515943, 35.8910138651785], [-5.28651272033631, 35.8910276219375], [-5.28661690784126, 35.8910256373488], [-5.28659624030151, 35.891113962775], [-5.2866272249923, 35.8911201101168], [-5.28664852494601, 35.8911264605015], [-5.28667230065662, 35.8911350174368], [-5.28673617626323, 35.8912126644136], [-5.28673074415071, 35.8912533443719], [-5.2867763067019, 35.8913088180671], [-5.28676793440345, 35.8913427568061], [-5.28672603338533, 35.8913773759787], [-5.28668805620841, 35.8913578321949], [-5.28665396873662, 35.8913156509367], [-5.28661159340804, 35.8912871441339], [-5.28652989881947, 35.8912999947931], [-5.28646285934644, 35.89132831747], [-5.28645736974175, 35.8913644787558], [-5.28644913847881, 35.8913804005161], [-5.28639317523323, 35.8914310469464], [-5.2863284399389, 35.8914322804853], [-5.2862528089785, 35.8914742600943], [-5.28625021644061, 35.8914923650856], [-5.28628279384439, 35.8915300312848], [-5.28629407668437, 35.8915500895456], [-5.28630890427642, 35.8916309418529], [-5.28633415322411, 35.8916530006716], [-5.28639623489508, 35.8916698320606], [-5.28642156109788, 35.8916851570052], [-5.28638252570554, 35.8917106704333], [-5.28634292078128, 35.8917069217981], [-5.28629115087149, 35.8917236731234], [-5.28628154338949, 35.8917509214917], [-5.28626713620898, 35.8917665149598], [-5.28620977608315, 35.8917703014351], [-5.28618454420344, 35.8917842982195], [-5.28612461309925, 35.8918192606961], [-5.28605558116293, 35.8918137785703], [-5.28595107206111, 35.8917684711477], [-5.2859328686002, 35.8917485133716], [-5.28588688743403, 35.8917989754461], [-5.28585907110128, 35.8918423303039], [-5.28578888572812, 35.8918932711764], [-5.28577521696275, 35.8919250424343], [-5.285778739257, 35.8919371586934], [-5.28578369885568, 35.8919542003408], [-5.28577117095073, 35.8919769606171], [-5.2857405294164, 35.8920181197674], [-5.28572845066906, 35.8920534234535], [-5.28572422409565, 35.8920657267237], [-5.28572039547592, 35.892124372091], [-5.28571496156678, 35.8921515584632], [-5.28568159274723, 35.892194987358], [-5.28566310721529, 35.8922156436562], [-5.2856336200161, 35.8921891406582], [-5.28564897222429, 35.8921573178364], [-5.28565703101072, 35.8921346063709], [-5.28567681730316, 35.8921252024483], [-5.28568623254567, 35.8921047724553], [-5.28565388421229, 35.8920873698785], [-5.28555946678436, 35.892041834828], [-5.28551870932159, 35.8920336193037], [-5.28549508003637, 35.8920655804468], [-5.28551504509356, 35.8921215433455], [-5.28548689638411, 35.8921423517615], [-5.28539861983947, 35.8921665893057], [-5.28536935272751, 35.8922076690332], [-5.28536667754458, 35.8922440693452], [-5.28536438324736, 35.8922753819837], [-5.28531936058364, 35.8922988015033], [-5.28530850444342, 35.8923282496418], [-5.28530424463235, 35.8923396242689], [-5.28528934158177, 35.8924098026984], [-5.28528721347287, 35.892517984467], [-5.28523505459254, 35.8925212483879], [-5.28521517218035, 35.8925035897375], [-5.28520486401245, 35.8924945555516], [-5.28518003188305, 35.8924727269338], [-5.28513045565917, 35.8924466111808], [-5.28512740857372, 35.8924644634232], [-5.28512515200571, 35.892478279605], [-5.28508614086789, 35.8925308210994], [-5.28508106089494, 35.8925962683163], [-5.28512488790103, 35.892627001534], [-5.28517692011891, 35.8926305136098], [-5.28522615138974, 35.8926566052869], [-5.28524171649868, 35.8926676269128], [-5.28523647662561, 35.8927150049682], [-5.28520417500465, 35.8927246285982], [-5.28517633531567, 35.8927544724686], [-5.2851524401291, 35.8927661897996], [-5.2851216593559, 35.8927915456877], [-5.28510355920125, 35.8928121989193], [-5.28510635026683, 35.8928256569929], [-5.28512206000454, 35.8928411243505], [-5.28515702513033, 35.8928404584697], [-5.28517997079762, 35.8929053734541], [-5.28516751835116, 35.8929416846613], [-5.28512244089021, 35.8929267762259], [-5.28507762034742, 35.8929208335188], [-5.28503248898755, 35.892928488593], [-5.2850075185176, 35.8929627432034], [-5.28498797117699, 35.8929946872336], [-5.28494581234241, 35.8929841910795], [-5.28490207426953, 35.8929692579092], [-5.28484003481939, 35.8929411614179], [-5.28478090231748, 35.8929084648851], [-5.2847318435232, 35.8929477401662], [-5.28469710477284, 35.8929799148951], [-5.28469703560256, 35.8930137350244], [-5.28473260439624, 35.8930333278855], [-5.28477931229945, 35.8930820425738], [-5.28484862900172, 35.8931438033532], [-5.28486555326167, 35.8931660022033], [-5.2848708569151, 35.8931767581349], [-5.28487545898429, 35.8931861226349], [-5.28491910093742, 35.8931875453576], [-5.28494423220581, 35.8931825603699], [-5.28496459791161, 35.8931948379939], [-5.28495981977262, 35.8932070392037], [-5.28491116791515, 35.8932485404776], [-5.28483072288314, 35.8932320172561], [-5.28474624621216, 35.8931953372203], [-5.28466344579746, 35.8932059221301], [-5.28449307760887, 35.8932046616927], [-5.2843202588162, 35.8932011896677], [-5.28429653430956, 35.8932061484558], [-5.28427535562842, 35.893204297825], [-5.28426408177162, 35.8932090193712], [-5.28422524041535, 35.8932548004526], [-5.28420842574984, 35.8933092087979], [-5.28420757774022, 35.8933633136409], [-5.28423523596952, 35.8934083123197], [-5.28424318426314, 35.8934212317694], [-5.28422354798935, 35.8934373699806], [-5.284137845118, 35.8934795777623], [-5.28410442419615, 35.893495978673], [-5.28409506105594, 35.8935570012092], [-5.28400274299083, 35.8936579295704], [-5.28392863647147, 35.8936908695835], [-5.28386566007849, 35.893730391177], [-5.28385298125656, 35.8937463794128], [-5.28382396118129, 35.8938077983687], [-5.28379887033709, 35.8938623642513], [-5.28379660209102, 35.8939277586986], [-5.28379971385513, 35.893941432718], [-5.28380373920593, 35.8939591361668], [-5.28385731203453, 35.8939806922044], [-5.2838853619293, 35.8939801587797], [-5.28394609163574, 35.8940217971889], [-5.28399423414845, 35.8940479415315], [-5.2839902285606, 35.8940885589039], [-5.28392261596243, 35.8940718291832], [-5.28387070771205, 35.894061554401], [-5.28372848463965, 35.8940507483764], [-5.28372445389897, 35.8940801012587], [-5.28369238494163, 35.8941325514521], [-5.28368169409144, 35.8941688235269], [-5.28362655370267, 35.8941653340788], [-5.28360940127062, 35.8941116038355], [-5.28359663800709, 35.8940645126127], [-5.28352303274765, 35.8940343468528], [-5.28351289525968, 35.8939579295933], [-5.28344385344185, 35.893927712124], [-5.2832876804314, 35.8939509681437], [-5.28328438361432, 35.8939680719423], [-5.28320571814489, 35.8940854646081], [-5.28316245348419, 35.8941336212104], [-5.28314903085719, 35.8942104858518], [-5.28314310916286, 35.8942815970223], [-5.28306908349184, 35.8944260743883], [-5.28304811411819, 35.8944693033668], [-5.28301984054292, 35.8944360565781], [-5.28301153022824, 35.8944215581328], [-5.28299428167647, 35.8943914630983], [-5.28291972869439, 35.8944221585052], [-5.28291860939357, 35.8944653023422], [-5.28294856281839, 35.8945207817919], [-5.2830336503438, 35.8945912719364], [-5.28301660930286, 35.8946141173257], [-5.28298593722579, 35.8946417642188], [-5.283015689428, 35.8946524580935], [-5.28303825241299, 35.8946677941043], [-5.283046763052, 35.8947104611499], [-5.28301623290874, 35.8947448270584], [-5.28296006933888, 35.8947774617043], [-5.282891694071, 35.894844113624], [-5.28279777700469, 35.8948886886558], [-5.28270382759902, 35.8949085292053], [-5.2826010414659, 35.8949104838601], [-5.28248854274793, 35.894885558733], [-5.28238983496619, 35.8948604101881], [-5.2823107374071, 35.8948055728259], [-5.28221933652189, 35.8947577244584], [-5.28221338967471, 35.8947308082379], [-5.28216786575107, 35.8946640732626], [-5.28217068017284, 35.8946301992591], [-5.28214191611745, 35.8945811966176], [-5.28209127179668, 35.8945415830279], [-5.28204181055713, 35.8945312639156], [-5.28198302210998, 35.8945571562978], [-5.28193518232952, 35.8945423005627], [-5.2818955953716, 35.8944912136669], [-5.28188647387821, 35.894470672215], [-5.28186972029814, 35.8944331092961], [-5.28188766414596, 35.8943832056097], [-5.28191692496968, 35.8943285731354], [-5.28189675240166, 35.8942771222389], [-5.28188098427351, 35.8942098177994], [-5.2818625409624, 35.8941831073392], [-5.2818144352806, 35.8941479836235], [-5.28174255568485, 35.8941155481153], [-5.28171107153075, 35.8940327618621], [-5.28167444452169, 35.894022195256], [-5.28160693522976, 35.8939986663592], [-5.28155483563823, 35.8939793888433], [-5.28150815827775, 35.8939577549384], [-5.28150503663213, 35.8939217396551], [-5.28147399355087, 35.8938772506786], [-5.28139222080889, 35.8938382640394], [-5.28134302008076, 35.8938369461214], [-5.28130644158071, 35.8938533884387], [-5.28123646641334, 35.8938998153706], [-5.28118442611063, 35.8939188221908], [-5.2811618316846, 35.8938921873163], [-5.28117861221408, 35.8938625913028], [-5.28120925105348, 35.8938439941807], [-5.28124445962272, 35.893816261137], [-5.28125534630568, 35.8937980351463], [-5.28120476037539, 35.8937832302099], [-5.28114166630309, 35.8937934388047], [-5.28109515513094, 35.8938123415852], [-5.28109001586921, 35.8938507620637], [-5.28107944179997, 35.8939138401601], [-5.28103212394069, 35.8940524367041], [-5.28071662123989, 35.8941462851096], [-5.28066036514352, 35.8941631552658], [-5.28063225416335, 35.894161436376], [-5.28058175806461, 35.8941736585409], [-5.28054263194239, 35.8941991769889], [-5.28050754913729, 35.8942654160474], [-5.28048714570224, 35.8943039047122], [-5.28050272608253, 35.8943509237478], [-5.28051017940445, 35.8943823301573], [-5.28041328442296, 35.8944315032094], [-5.28034651354621, 35.8945048795839], [-5.28016365608024, 35.8947336834645], [-5.28010345997304, 35.8947460860159], [-5.28009091679673, 35.8947801448108], [-5.28008414170286, 35.894820849134], [-5.28008465464087, 35.8948742295903], [-5.28012573190388, 35.8949552655268], [-5.28017664122765, 35.8949678325081], [-5.28021458157369, 35.894962587109], [-5.28029166241493, 35.8949588750138], [-5.28024549709417, 35.8950025767186], [-5.28019128915669, 35.8950441643775], [-5.28011951646042, 35.8950770761605], [-5.28005638106562, 35.895096294464], [-5.28001579967268, 35.8951060931844], [-5.27999600978695, 35.8951041974796], [-5.27998329323581, 35.8950706183904], [-5.27999823850718, 35.895025291], [-5.28000804182188, 35.8950047969884], [-5.28002574132792, 35.8949210947385], [-5.27999606188925, 35.8948878736097], [-5.27995252503899, 35.8948909533197], [-5.2799388122562, 35.8949317361797], [-5.27989105512074, 35.8949799941478], [-5.27986877780002, 35.8950006846499], [-5.2798508626983, 35.8950641227783], [-5.27986385413393, 35.8950954437618], [-5.27987661380423, 35.8951289864546], [-5.27986435090229, 35.8951720484021], [-5.27985451884149, 35.8951789908236], [-5.27980696652194, 35.8952114615542], [-5.27979443771865, 35.8952207086511], [-5.27974101850199, 35.8952172207048], [-5.27974100143398, 35.8952284078937], [-5.27974096100981, 35.8952397420797], [-5.27977774702068, 35.8952660694046], [-5.27983408576205, 35.8952875610473], [-5.27986238898169, 35.8952847695283], [-5.27988222917306, 35.8953001592675], [-5.2798934688939, 35.8953179642927], [-5.27995822035789, 35.8953550574152], [-5.28001748581046, 35.895344922521], [-5.28002450165283, 35.8953357802296], [-5.2800495673442, 35.8953285292704], [-5.28012126098872, 35.8953181411277], [-5.28015644081185, 35.8953264996712], [-5.28023373904543, 35.8953408160219], [-5.28026193895884, 35.8953470350793], [-5.28031381666649, 35.895332538984], [-5.28037305876283, 35.8953223851663], [-5.28041089400599, 35.8953126395959], [-5.28048400159873, 35.8953270520075], [-5.28052892185453, 35.8953239453889], [-5.28058657303452, 35.8953318600252], [-5.28061058769702, 35.8953606862943], [-5.28061660101953, 35.8953876314092], [-5.28054638151038, 35.8954024833471], [-5.2804745944411, 35.8953858274032], [-5.28038470362388, 35.8953897876292], [-5.28029749697272, 35.8954027023893], [-5.28018956708628, 35.8954317804219], [-5.28012645864093, 35.8954510117381], [-5.2801027404225, 35.8954807446958], [-5.28008328471006, 35.8955262115465], [-5.28000058400837, 35.8955886304552], [-5.27998388702219, 35.8956092160074], [-5.27996451485309, 35.8956456169386], [-5.27996084972672, 35.8956997791296], [-5.27997896066117, 35.8957039380053], [-5.28005085193505, 35.895711619008], [-5.28008734958672, 35.8957176801228], [-5.28014045259644, 35.8956603305626], [-5.28017119114882, 35.8956349348414], [-5.28019499470721, 35.8956074593079], [-5.28020871467655, 35.8955914336068], [-5.28026774387218, 35.895572257631], [-5.28031161759066, 35.895605244149], [-5.28036373245357, 35.8956132642756], [-5.28039865625686, 35.8956103294085], [-5.28041573323042, 35.8956393011188], [-5.28039652814797, 35.8956824952324], [-5.28036863006848, 35.8957348599495], [-5.28035215766114, 35.8958005250142], [-5.28042980533935, 35.8958283315893], [-5.28036639506006, 35.8958498398167], [-5.28024764676265, 35.8959219493886], [-5.28020122003213, 35.8959453569138], [-5.28016891481788, 35.8959414636649], [-5.28009777633223, 35.8960194290308], [-5.28010928105606, 35.8960462713145], [-5.28012321662107, 35.8960505131309], [-5.28016276584978, 35.8960655272235], [-5.28019774534862, 35.8960535993451], [-5.28029648187646, 35.8960787533326], [-5.2803146988121, 35.8960874123396], [-5.28030930083554, 35.8961033207791], [-5.28027967709243, 35.8960971272509], [-5.28016285927458, 35.8960925492356], [-5.28008280321308, 35.8961008662179], [-5.28004622471304, 35.8961173262577], [-5.28002260620758, 35.8961267806458], [-5.27997914212085, 35.8961681821486], [-5.27994835955101, 35.8961935413133], [-5.27990099947094, 35.8962192344877], [-5.2798532261658, 35.8962449342032], [-5.27986892961529, 35.8962964755118], [-5.27991137501245, 35.8963159373009], [-5.27991861902691, 35.8963383215545], [-5.27985115554906, 35.8963418552969], [-5.2798172737915, 35.8963424985894], [-5.27978907118316, 35.8963250161686], [-5.27977476191899, 35.8963095036461], [-5.27972687812108, 35.896292376339], [-5.27968085383582, 35.8963180607489], [-5.27962896175512, 35.8963550849984], [-5.2795755290637, 35.8963628903757], [-5.27950271432174, 35.8963958045214], [-5.27943687859119, 35.8964173227825], [-5.27939761951831, 35.8964361230576], [-5.27933860918731, 35.8964439990144], [-5.27925735567155, 35.896495146505], [-5.2792283302064, 35.8965700396857], [-5.27921740669253, 35.8966107874786], [-5.27918690349876, 35.8966586980363], [-5.27915888953661, 35.8966953044249], [-5.27912959727182, 35.8967363963566], [-5.27911583597998, 35.8967637230471], [-5.2791103337989, 35.8968021137129], [-5.27912445890842, 35.8968221546285], [-5.27907852714963, 35.8968748242264], [-5.27907998960691, 35.8968522763916], [-5.27900398315072, 35.8968965482967], [-5.27896633745209, 35.8968972628994], [-5.27893142892015, 35.8969227004224], [-5.27892149534975, 35.8969522021462], [-5.27891473193397, 35.8969703502745], [-5.27888567862104, 35.8970182336897], [-5.27885899506386, 35.8970299991456], [-5.27883635392542, 35.8970371895499], [-5.27881408019795, 35.897057880242], [-5.27882293399341, 35.8971118005982], [-5.27883437583518, 35.8971611691613], [-5.27884036310653, 35.8971903324164], [-5.27890934114396, 35.8971912776969], [-5.27893570759586, 35.8971953018701], [-5.27898091800748, 35.8972124762822], [-5.27899666906766, 35.897232449418], [-5.27897148839195, 35.8972824961202], [-5.2789490646458, 35.8972987048586], [-5.27892248619152, 35.8973127210412], [-5.27887054111019, 35.897324966006], [-5.27884956455, 35.8973411696419], [-5.278841270405, 35.8973548387054], [-5.27886980359334, 35.897394838022], [-5.27887692723355, 35.8974375101471], [-5.27887141966255, 35.8974511493585], [-5.27883369311555, 35.8974766769378], [-5.27875488122073, 35.8974691627487], [-5.27869895121284, 35.8975085114476], [-5.27866951431929, 35.8975090695901], [-5.27863691355933, 35.8974601029323], [-5.27856366942262, 35.8974772940239], [-5.27850064452059, 35.8974987617801], [-5.2784615758906, 35.8975265291908], [-5.27847894391828, 35.897587047966], [-5.27844388267273, 35.8976080172215], [-5.27838491815582, 35.8976541843478], [-5.27831928364789, 35.8976937527183], [-5.27827730986624, 35.8977396272617], [-5.27821851513088, 35.8977790122108], [-5.27819328504784, 35.8977907724598], [-5.27816664460975, 35.8978048256676], [-5.27815421551947, 35.8978050614401], [-5.27819528649427, 35.8978605873046], [-5.27824157668087, 35.8978710093153], [-5.27828105584097, 35.8978702597922], [-5.27829767377541, 35.8978586458212], [-5.27834304857874, 35.8978713367769], [-5.27835845558419, 35.8978778001401], [-5.27836851042713, 35.8979023844928], [-5.27836307382303, 35.8979430639245], [-5.27836729320993, 35.8979564956566], [-5.27842927786285, 35.8979800946909], [-5.27847423584789, 35.8979679960935], [-5.2784897290916, 35.8979631816866], [-5.27851782390209, 35.8979648983108], [-5.27854457662958, 35.8979824087494], [-5.2785800187608, 35.8979975374507], [-5.27859682983301, 35.8979927157687], [-5.27863609339745, 35.8979852147271], [-5.27868389814362, 35.8979978197949], [-5.2787247157935, 35.8980105565728], [-5.27874330193671, 35.8980169609818], [-5.27881469734056, 35.8979953369125], [-5.27887600556206, 35.8979243200395], [-5.27892453345203, 35.897830982587], [-5.278995706972, 35.897789090761], [-5.27895739831671, 35.8979024659943], [-5.27895195632273, 35.8979183704306], [-5.2790051985713, 35.8979151110984], [-5.27903897253104, 35.8978964145069], [-5.27906694606899, 35.8978711090092], [-5.27908958990235, 35.8978751811755], [-5.27908532200641, 35.8978955354547], [-5.27908128497755, 35.8979114129678], [-5.27905751645345, 35.8979276295821], [-5.27902934169285, 35.8979484321059], [-5.27896068704895, 35.8979925658643], [-5.27893438617407, 35.8980178400325], [-5.27891748077875, 35.8980429722928], [-5.27888709256931, 35.898117909126], [-5.27880585701986, 35.8981712866314], [-5.2787683739163, 35.8982283040017], [-5.2787122849066, 35.8982654423326], [-5.27859189448886, 35.8983150605009], [-5.27854693560552, 35.8983541999329], [-5.27852729663678, 35.8983568261585], [-5.27850688601519, 35.8984180581603], [-5.27850423149354, 35.8984339108271], [-5.27854222573847, 35.8984557108768], [-5.27862494799973, 35.898454141256], [-5.27870492950106, 35.8984052901573], [-5.27879214783028, 35.898417146368], [-5.27881471440854, 35.8984437826309], [-5.2788290227744, 35.8984592772706], [-5.27884067931354, 35.8985041391584], [-5.27883943874012, 35.8985446982126], [-5.27887308693573, 35.8985598661016], [-5.27891983077153, 35.8985837480257], [-5.27893951914761, 35.898594637843], [-5.27896492530046, 35.8985874177451], [-5.27899581027826, 35.8986025798044], [-5.27902559122654, 35.8986132724164], [-5.27902272470247, 35.8986336359658], [-5.27902411439621, 35.8986471214295], [-5.27900627834627, 35.898712810275], [-5.27901632600271, 35.8987261319963], [-5.27905161721698, 35.8987367248988], [-5.27910226962258, 35.8987402665387], [-5.27913731469845, 35.8987193507042], [-5.27916644257153, 35.898696258359], [-5.27918489217082, 35.8987004105282], [-5.27916127815695, 35.8987346437214], [-5.27916130869969, 35.8987594541178], [-5.27913056924898, 35.8987848131801], [-5.27908592657262, 35.8988104713123], [-5.27902683808818, 35.8988386166583], [-5.27899766709593, 35.8988594429563], [-5.27896658179387, 35.8988735803856], [-5.27894144872885, 35.8988785635596], [-5.2788182959916, 35.8989665214774], [-5.27879047516726, 35.8990233920107], [-5.27874173796983, 35.8990874148818], [-5.27868707368816, 35.8990997112374], [-5.27863815592935, 35.8991321701722], [-5.27862702759961, 35.8991414313648], [-5.27862412154966, 35.8991617540282], [-5.2786383463722, 35.8991998073427], [-5.27865821620796, 35.8992264593512], [-5.27870039660214, 35.8992256581756], [-5.27872289041683, 35.8992252317552], [-5.27874281055827, 35.8992316091417], [-5.2787679211654, 35.8992266252622], [-5.27879882141456, 35.8992170351682], [-5.27880582827375, 35.8992326671882], [-5.2788031099717, 35.8992462304115], [-5.27879780272502, 35.8992914098492], [-5.27880416728882, 35.8993679034603], [-5.278805666577, 35.8993836402361], [-5.27878469361007, 35.8994133702613], [-5.27877927317565, 35.8994404835457], [-5.27876672191451, 35.8994632795089], [-5.27873753565091, 35.8994953642685], [-5.2787318627899, 35.8995134907111], [-5.27873496197763, 35.8995495194593], [-5.2787450689229, 35.8995650750075], [-5.27872540210638, 35.8996015221462], [-5.27863839757617, 35.8995986667438], [-5.27856097537509, 35.8996023895366], [-5.27849820559461, 35.8996486064369], [-5.27842835259811, 35.8997603846709], [-5.27843712554516, 35.8997759831105], [-5.27847119774561, 35.899840684293], [-5.27848950990267, 35.8998651472422], [-5.27847917658196, 35.8999622261745], [-5.27845108985628, 35.8999718227271], [-5.27834276560942, 35.8999738784035], [-5.27827166395469, 35.9000540722964], [-5.27823350441972, 35.9000638070957], [-5.27820699333908, 35.9000688171186], [-5.27817179734623, 35.9000852494095], [-5.27818182523973, 35.9000963172999], [-5.2782243811297, 35.9001315846384], [-5.27831569757328, 35.9001163399174], [-5.27834804680499, 35.9001224814664], [-5.27837739117204, 35.9001196711984], [-5.27841377833093, 35.90009642354], [-5.27842525341039, 35.9000984544722], [-5.27844368953496, 35.9001251512937], [-5.27848339866379, 35.9001694985014], [-5.27854110284437, 35.9001886719083], [-5.27861113191067, 35.9001693238603], [-5.27866716252989, 35.9001434493225], [-5.27869120683677, 35.900136235915], [-5.27872454241866, 35.9000927742653], [-5.27874398914792, 35.900069883886], [-5.27876644074181, 35.9000672082354], [-5.27877927227732, 35.9000692136999], [-5.27878088026169, 35.9001007721071], [-5.27878230768468, 35.9001142391291], [-5.27877680640189, 35.9001526318083], [-5.27876745404144, 35.9001888778392], [-5.27874507610941, 35.9002163321355], [-5.27871995472248, 35.900246121517], [-5.27869057801607, 35.9002827175145], [-5.27868519890415, 35.900300874339], [-5.27868241592341, 35.9003121845133], [-5.27867679875792, 35.9003348135891], [-5.27867581150945, 35.9003596438586], [-5.27867041802447, 35.9003890278745], [-5.27867034076936, 35.9004228455661], [-5.27866361867608, 35.9004432450334], [-5.27864690552021, 35.9004750936312], [-5.27864009988363, 35.9004910237466], [-5.27864853506415, 35.9005201413871], [-5.27866425288666, 35.9005491615095], [-5.27869402215687, 35.9005958923178], [-5.27873218079351, 35.9005861583116], [-5.27874732818584, 35.9005723595536], [-5.27876845925626, 35.9005606957699], [-5.27879084617146, 35.9005557672769], [-5.2788513575873, 35.9005771403291], [-5.27891607581363, 35.9005646491881], [-5.27895022526915, 35.9006090616396], [-5.27897434323793, 35.9006762274755], [-5.27895772260853, 35.9006900545944], [-5.27892832344422, 35.9007266503867], [-5.27892988112292, 35.9007446572101], [-5.27894822831427, 35.9007578396052], [-5.27899212628727, 35.9007908094089], [-5.27902997141189, 35.9007946107335], [-5.2790553344456, 35.9007850841364], [-5.27908195332409, 35.9007710671134], [-5.27910578023871, 35.9007458396673], [-5.27913063213104, 35.9007183033284], [-5.2791377755342, 35.9007024023654], [-5.27930095001396, 35.9007060647099], [-5.2793360049713, 35.9007211601457], [-5.27935828229201, 35.9006892112291], [-5.27944056437879, 35.9005749646033], [-5.2794907586436, 35.9004906402653], [-5.27953437634224, 35.9005145878247], [-5.27962970196693, 35.9004722375325], [-5.27967295135629, 35.9004105719738], [-5.27967266120042, 35.90037675646], [-5.27968773852418, 35.900333676969], [-5.279845137735, 35.9003306884294], [-5.2798929451761, 35.9003432916684], [-5.27993965487591, 35.9003897009685], [-5.27994673449867, 35.9003715521688], [-5.27995064306847, 35.9003512058029], [-5.28002082844163, 35.9003363613426], [-5.28009683669444, 35.9002920869953], [-5.28014147218428, 35.9002687171389], [-5.2801607581151, 35.9002165155085], [-5.28020271752373, 35.9001954472532], [-5.28041880007881, 35.9001372546551], [-5.28048625098023, 35.9000976511224], [-5.28052746748209, 35.9000537404778], [-5.28052968272757, 35.9000788066013], [-5.28055255922458, 35.9001279579232], [-5.28055681993399, 35.9001436603473], [-5.2805723428221, 35.9001658681496], [-5.28056716583112, 35.9002155535277], [-5.28061221274937, 35.9002530205609], [-5.28068679268086, 35.9002222910314], [-5.28076918705704, 35.9001846879092], [-5.28080866352222, 35.900172637675], [-5.28086497621244, 35.9001693194943], [-5.28092661321734, 35.9001816964533], [-5.28098440183956, 35.9001580398618], [-5.28105429885351, 35.9001071268653], [-5.28114787725495, 35.9000377491499], [-5.28122746080261, 35.8999528653866], [-5.28126525921481, 35.8998935527204], [-5.28132811343692, 35.8998653349821], [-5.28131319691165, 35.8999242088824], [-5.28131320409817, 35.89994898325], [-5.28131910872452, 35.8999736455481], [-5.28135831479677, 35.8999751540143], [-5.28139508373967, 35.899965446128], [-5.28147050629094, 35.8999054167125], [-5.28151002587525, 35.8999542530595], [-5.28154409807566, 35.9000076758976], [-5.28146565808333, 35.9000249501184], [-5.28143216978788, 35.9000526504247], [-5.28141567761756, 35.9001160619468], [-5.28141306711337, 35.9001476428931], [-5.2814104368462, 35.9001634581023], [-5.28136565852425, 35.9002206508616], [-5.28135737066743, 35.9002568815803], [-5.28135642474145, 35.900297440464], [-5.28138472257118, 35.9003172061632], [-5.28139043226313, 35.9003351170273], [-5.2814547345695, 35.900295572535], [-5.28149260484694, 35.9002768343008], [-5.28151343408343, 35.9002539163233], [-5.28153870279406, 35.9002173625174], [-5.28156108162441, 35.9002372453915], [-5.28156294922188, 35.9002912625451], [-5.28160829797405, 35.9003264701278], [-5.28165065533632, 35.9003549474797], [-5.28169294801991, 35.9003699447471], [-5.28172941423055, 35.9003850169617], [-5.28175884842914, 35.9003371253957], [-5.281795155638, 35.9003229190992], [-5.28186413008213, 35.9003261150249], [-5.28190093405932, 35.9003411814265], [-5.28195969286206, 35.9003378108605], [-5.28201872475262, 35.9003321852461], [-5.28205970589591, 35.9003607200818], [-5.28211009150187, 35.900330449026], [-5.28231643542096, 35.9002949962203], [-5.28240093724479, 35.9002843795132], [-5.28241149514431, 35.9003855641689], [-5.28246168851083, 35.9003620873727], [-5.28249955878823, 35.9003298006723], [-5.28253717663908, 35.9003020575304], [-5.28256555980881, 35.9002902598156], [-5.28262303042742, 35.9003139411084], [-5.28264159770603, 35.9003338385117], [-5.28264191211638, 35.9003676707803], [-5.28263923693345, 35.9003969987626], [-5.28263235583839, 35.9004332039322], [-5.28264243583418, 35.9004713352237], [-5.28271893905873, 35.9005554987676], [-5.28274009977356, 35.900568613521], [-5.28276568558948, 35.9005793851832], [-5.28278252900106, 35.9005993742058], [-5.28280267461964, 35.9006372776575], [-5.28283760381281, 35.9006478724872], [-5.28289093319796, 35.900637853242], [-5.28291925258729, 35.9006215491352], [-5.2829540883557, 35.9006051213217], [-5.28298475504288, 35.9005526987023], [-5.28301044596167, 35.9006153079345], [-5.28299219399175, 35.9006426827672], [-5.28295021032863, 35.9006524866224], [-5.28294780374198, 35.9006998693588], [-5.28294664491525, 35.9007314588042], [-5.28295101521913, 35.9007516435305], [-5.28296070624442, 35.9007762342673], [-5.28300737013014, 35.9008091676801], [-5.28307348613505, 35.9007853890283], [-5.28309876203221, 35.9007736081219], [-5.28313499557921, 35.9007323793017], [-5.28317130188973, 35.9006821026552], [-5.28319750664486, 35.9006432809094], [-5.28320573251792, 35.9006161010917], [-5.28323124467202, 35.9005998508279], [-5.28323139289404, 35.9006539361347], [-5.2832362752376, 35.9007282039538], [-5.28325468351438, 35.90077739926], [-5.28329136891398, 35.9008127754448], [-5.28341941657118, 35.9007990771441], [-5.28344893341481, 35.9007895061599], [-5.28350334886312, 35.9007321297123], [-5.28356083026152, 35.9007197783077], [-5.28360025103115, 35.9007302865342], [-5.28363148814852, 35.900781531673], [-5.28360362330672, 35.9008113397611], [-5.28359833312802, 35.9008452606007], [-5.28359439671044, 35.9008881295182], [-5.28360284895896, 35.9009060184233], [-5.28365644424542, 35.9009162624828], [-5.28370123873708, 35.9009086547515], [-5.28373630267755, 35.9008876783661], [-5.28380062744178, 35.9008616796325], [-5.28382191751403, 35.9008792942139], [-5.28382369977157, 35.9009040893847], [-5.28378160022576, 35.9009566754958], [-5.28375532989358, 35.9009954985432], [-5.2837320796974, 35.9010793064303], [-5.28374349099646, 35.9011376846173], [-5.28375949089, 35.9011892198295], [-5.28376661722514, 35.901231909556], [-5.28377152202659, 35.9012926648986], [-5.28376050418963, 35.9013807467465], [-5.28374969116856, 35.9014125192904], [-5.28373161886166, 35.9014579063297], [-5.28371066116611, 35.9014763415781], [-5.28377467241828, 35.9015585124521], [-5.2837955672318, 35.9015648714591], [-5.28388742805446, 35.9016284753265], [-5.28391167178732, 35.9016753466632], [-5.28392020488422, 35.9016841695085], [-5.28393549061709, 35.901686151647], [-5.28395096319953, 35.9016813542023], [-5.28395933819294, 35.901660887382], [-5.28399423235183, 35.9016331992809], [-5.28401520442046, 35.9016035181149], [-5.28405151701917, 35.9015667575497], [-5.28407995768107, 35.9015797287869], [-5.2841009836486, 35.9015905912687], [-5.28414753704158, 35.9016077610888], [-5.28417697483343, 35.9016072007922], [-5.28418812023119, 35.9015979791817], [-5.28421776014398, 35.9016289468488], [-5.28419827658377, 35.901663137299], [-5.28415910644413, 35.9016976631844], [-5.28413280107766, 35.9017319838554], [-5.2841501718003, 35.9017947507838], [-5.28416309855727, 35.9018237864473], [-5.28418959706152, 35.9018300384676], [-5.28422198941232, 35.9018249157695], [-5.28426445457244, 35.90184437911], [-5.28423498983111, 35.9018674981876], [-5.28418574957715, 35.9018887027971], [-5.2841157887828, 35.9019238543675], [-5.2840993541047, 35.9019782189165], [-5.28410101598797, 35.9020232701829], [-5.28410381424009, 35.902050277791], [-5.28411122623947, 35.9020659027025], [-5.28412942970039, 35.9020858105801], [-5.2841733034189, 35.902105262214], [-5.28422112792797, 35.9021201529124], [-5.28428434596777, 35.9020918901258], [-5.28435574226992, 35.9020567473619], [-5.28439194796913, 35.9020289939105], [-5.28441461066714, 35.9020578810467], [-5.28441224809794, 35.9021075113907], [-5.28439295498058, 35.9021349024433], [-5.28434107547627, 35.9021606642716], [-5.28424561600261, 35.9022008212432], [-5.28422198402244, 35.9022327841028], [-5.28419115833347, 35.9022694446704], [-5.28417594087254, 35.9023193201003], [-5.28411107622083, 35.9024827839221], [-5.28419809781905, 35.9024743715605], [-5.2842645282343, 35.9024843709267], [-5.28429961822593, 35.9024769474416], [-5.28436404988967, 35.9024554482913], [-5.28441457563282, 35.902454487793], [-5.28439932762919, 35.9024772988966], [-5.28437137115925, 35.902504895746], [-5.28428734274756, 35.9025447811297], [-5.28426324993164, 35.902549746609], [-5.28414588593808, 35.9026218697239], [-5.28408421569552, 35.9026433113447], [-5.28403504640845, 35.9026802838832], [-5.28397899872125, 35.9027061612299], [-5.28396541799076, 35.9027514987751], [-5.28394447017668, 35.9027924376675], [-5.28390531351173, 35.9028044460269], [-5.28390116958335, 35.9028293344611], [-5.28387201655742, 35.9028862320525], [-5.28385948775417, 35.9029089913687], [-5.2838526902024, 35.9029361442038], [-5.28386442130169, 35.9029945159277], [-5.28389401360377, 35.9030255201582], [-5.2839212622013, 35.9030813450607], [-5.28395519875611, 35.9031189853718], [-5.28398202963702, 35.9031477920694], [-5.28402164174776, 35.9031650532348], [-5.28408174173524, 35.9031481449765], [-5.28425212968673, 35.9031494096216], [-5.28431673921694, 35.9031819651275], [-5.28448405582849, 35.9031472499747], [-5.28452730521785, 35.9031103533293], [-5.28456746080937, 35.903050994277], [-5.2846590997481, 35.9030830703056], [-5.28466243968435, 35.9031258361408], [-5.28465546965607, 35.9031620022247], [-5.2846041560904, 35.9032553945129], [-5.28466212437567, 35.9032835695669], [-5.28471129905265, 35.9033209558348], [-5.28486792930559, 35.9033855798998], [-5.28489268956975, 35.9033062094355], [-5.28490387718831, 35.9032879783533], [-5.28495178524074, 35.9032915685416], [-5.28498558076005, 35.9033360085686], [-5.28509370378426, 35.9032911203138], [-5.28516525280001, 35.9032739937897], [-5.28520997542644, 35.903252873958], [-5.28528574742234, 35.9032153574098], [-5.28532227202346, 35.9032214194053], [-5.28531850448917, 35.9032710752149], [-5.28528759076529, 35.9032919549198], [-5.28524844488017, 35.903326497558], [-5.28516429968749, 35.9033371094911], [-5.28513505323679, 35.9033917583049], [-5.28516754889389, 35.9034271733415], [-5.28523805227062, 35.9034100650379], [-5.28526013555527, 35.9033826176706], [-5.2852726984945, 35.9033508117184], [-5.28532596589593, 35.9033497973855], [-5.28537388023654, 35.9033533919369], [-5.28541895949412, 35.9033683362459], [-5.28547405856039, 35.9034055733072], [-5.28552350363027, 35.9034158941732], [-5.28556292170493, 35.9034264384238], [-5.2856317748765, 35.9034251286695], [-5.28570586971779, 35.9034011594339], [-5.28576069120462, 35.9033933605718], [-5.28581417420168, 35.903385585721], [-5.28585192230824, 35.9033623455706], [-5.28592671783544, 35.9033744338842], [-5.28596871497327, 35.9033916527969], [-5.28599444362134, 35.9034294857854], [-5.28607713264493, 35.903596900581], [-5.28615368797174, 35.9036946094371], [-5.28618512541343, 35.9037390950791], [-5.28621896584849, 35.9037970048883], [-5.28625290509826, 35.9038211697385], [-5.28629136916208, 35.9038947971757], [-5.28640718086682, 35.9039601971602], [-5.28642789961054, 35.9039350274863], [-5.28645600969241, 35.9039254830764], [-5.28649678871475, 35.9039224524695], [-5.28649166562267, 35.9039856295028], [-5.28648469918764, 35.9040195642623], [-5.28646135915992, 35.9040876141912], [-5.28646446014431, 35.9041100944777], [-5.28643114432535, 35.9041918638737], [-5.28641451291619, 35.9042282142893], [-5.2863924853271, 35.9042804722121], [-5.28638442204911, 35.9043369685621], [-5.28648320439101, 35.9044004334069], [-5.28650996879659, 35.9044292061669], [-5.28648346041084, 35.9044455123997], [-5.28645268862081, 35.9044596102668], [-5.28640513270797, 35.904478534512], [-5.28637420011948, 35.9045107089201], [-5.28637735769771, 35.9045376589241], [-5.2863803427994, 35.9046051845136], [-5.28634455751176, 35.9046712351398], [-5.2863711512374, 35.9046932866867], [-5.2864049871809, 35.9046903521563], [-5.28645550483921, 35.9046646202567], [-5.28651182202101, 35.9046725521498], [-5.28658377887191, 35.9047072557192], [-5.28662319694658, 35.9047177859728], [-5.28667369304532, 35.9046920307979], [-5.28672263146536, 35.904659531213], [-5.28680855801722, 35.9046736385012], [-5.28680222130123, 35.9045859088531], [-5.28692968325689, 35.9045406509431], [-5.28699596095854, 35.9045326317209], [-5.28707051034736, 35.9045244553297], [-5.28711784796958, 35.9044852265397], [-5.28713626253458, 35.9044871656778], [-5.28716857134209, 35.9044910563234], [-5.28723315302448, 35.9045100947993], [-5.28727281633922, 35.9045408692323], [-5.28729266820868, 35.9045675558238], [-5.2872913934993, 35.904585593789], [-5.28728469206728, 35.9046285698251], [-5.28731733235312, 35.9046549587863], [-5.28737092494466, 35.9046651958119], [-5.28747775798814, 35.9046834687794], [-5.28757121511703, 35.9047785691998], [-5.28752829091783, 35.9048875650164], [-5.28752809239013, 35.9050611011578], [-5.28754523314409, 35.9050923046759], [-5.28758762194739, 35.9051072624816], [-5.28767902462922, 35.9051325627552], [-5.28767766457989, 35.9051461227847], [-5.28766808853896, 35.9051846279877], [-5.28766131434342, 35.9052275469437], [-5.28765170596313, 35.9052547943021], [-5.28763639597573, 35.905286616952], [-5.28763951941797, 35.9053113685399], [-5.28767213005943, 35.9053738444908], [-5.28774100748552, 35.9053725318582], [-5.28776208555535, 35.9053473197037], [-5.28779545617152, 35.9053038536393], [-5.287781496352, 35.9052996174122], [-5.28778407272024, 35.905256778534], [-5.28781035203556, 35.9052450143009], [-5.28783716584849, 35.9052377118604], [-5.28786382694781, 35.9052259410759], [-5.28787360780461, 35.9052054686236], [-5.28787913693518, 35.9051783529485], [-5.2879169182794, 35.9051933987804], [-5.28803252876152, 35.9052407802535], [-5.28820761041041, 35.9053320723492], [-5.2883484626537, 35.9053789735078], [-5.28850066511059, 35.9054346672333], [-5.28854209451319, 35.9055149902032], [-5.28851107299149, 35.9055313471459], [-5.28846897434402, 35.9055366558753], [-5.28845946208345, 35.9055774136045], [-5.28845424826157, 35.9056248457811], [-5.28842899931385, 35.9056501015044], [-5.2884618516021, 35.9057328414096], [-5.28849199457147, 35.9057818524277], [-5.28865933094596, 35.9057854177638], [-5.28876549833782, 35.9057090373152], [-5.28902827082977, 35.9054922083526], [-5.28935782767324, 35.9051298588985], [-5.28943718215047, 35.9050111736113], [-5.28952942116387, 35.9049215234008], [-5.28957981844794, 35.9049160596454], [-5.28959557399969, 35.9049337737371], [-5.289630597516, 35.9049601524097], [-5.28965067755755, 35.9049710493537], [-5.28968242312138, 35.9049073470323], [-5.28971808174656, 35.9047872228893], [-5.2897164387279, 35.9047421761068], [-5.2896907711653, 35.9046930785846], [-5.28971861085428, 35.9046497576869], [-5.28972702986511, 35.9046293258329], [-5.28966513055215, 35.9046191892156], [-5.28963957617725, 35.9045859146741], [-5.28968786511536, 35.9044475534073], [-5.2897335534307, 35.9043384834938], [-5.28984918098083, 35.904194316001], [-5.28993312405253, 35.9041161061978], [-5.29005317670373, 35.9040168974769], [-5.29004869680541, 35.9039944615497], [-5.29000365168382, 35.9039682564603], [-5.28998484724998, 35.9039055174506], [-5.29000585884446, 35.9038645769509], [-5.29004074222358, 35.9038255872266], [-5.29009356046735, 35.9037592295589], [-5.29022576642601, 35.9037589610604], [-5.29017606174305, 35.903656230846], [-5.29041104574999, 35.9035075325481], [-5.29057119560223, 35.9034548957417], [-5.29060500998614, 35.9034858182962], [-5.29060080407399, 35.9035084195419], [-5.29069212680576, 35.9034931645567], [-5.29070198851096, 35.9034749582574], [-5.29077761138651, 35.9034329391708], [-5.29080129457069, 35.9034257311565], [-5.29082093533606, 35.9033870286344], [-5.29088831437225, 35.9033699821717], [-5.29090514341078, 35.9033651535405], [-5.29093179103538, 35.9033646449189], [-5.29099234826531, 35.9033747525912], [-5.29109610457893, 35.9033367354831], [-5.29114096464758, 35.9033313756711], [-5.29115797963737, 35.9033445452654], [-5.29113836492315, 35.9033607032829], [-5.29109340514152, 35.903386389765], [-5.29109215738158, 35.9034021613963], [-5.29109941936232, 35.9034155347184], [-5.29115032149958, 35.9034393373198], [-5.29119642393829, 35.903440711834], [-5.29121748134685, 35.903426797151], [-5.29122151837574, 35.9034109549434], [-5.2912440615978, 35.9033767041264], [-5.29130165438731, 35.9033801065791], [-5.29132525043487, 35.9033571363823], [-5.29133501242706, 35.9033479404431], [-5.29136441698125, 35.903322627229], [-5.29138268961244, 35.9033087074317], [-5.29144581063419, 35.9033007462962], [-5.29142347043141, 35.903319228412], [-5.29138870922316, 35.9033491687029], [-5.29138468566899, 35.9033898227783], [-5.29137234820689, 35.9034418571411], [-5.29136013740725, 35.9034984319473], [-5.29136580757332, 35.903516395937], [-5.29140487171177, 35.9034885673228], [-5.29141457980504, 35.9034546025024], [-5.29142163427498, 35.9034341601528], [-5.29144790370883, 35.9034088833482], [-5.29148023138094, 35.9034015101571], [-5.2915336613774, 35.9033824757805], [-5.29157011680828, 35.9033727297471], [-5.29160531459772, 35.9033698097206], [-5.29166554304428, 35.9033573961504], [-5.29170631308345, 35.9033431059895], [-5.29173560444991, 35.9033132697493], [-5.29176919694997, 35.9032900666874], [-5.29182668822984, 35.9032889694024], [-5.29187757329909, 35.9032902507809], [-5.29191969620109, 35.9032962028967], [-5.29196191342618, 35.903284139311], [-5.29199691358629, 35.9032609486106], [-5.29205593379876, 35.9032665783828], [-5.29210108402327, 35.9032837303759], [-5.29215989582658, 35.9032961425023], [-5.29221372737001, 35.9033131511436], [-5.29230952371188, 35.9033563650818], [-5.29232809188882, 35.9033763141104], [-5.2923691278293, 35.9034183244954], [-5.29239309847434, 35.9034336682673], [-5.2924493258246, 35.9034258381197], [-5.2925193656707, 35.9034177089108], [-5.29254874147878, 35.9033788615841], [-5.29253327967614, 35.9033589023692], [-5.29252721784459, 35.9033296868137], [-5.29254805965748, 35.9033090166798], [-5.29260002360341, 35.9032854665311], [-5.29261384687902, 35.9032604276183], [-5.29264076669314, 35.903257659665], [-5.29266340423829, 35.903286527434], [-5.2928020547108, 35.903232059003], [-5.29282750128788, 35.9032135179277], [-5.29279049788467, 35.9031917031803], [-5.2928085953444, 35.9031575366751], [-5.29286328657552, 35.9031452344011], [-5.29289294535296, 35.9031289017052], [-5.29292505473447, 35.9031147766782], [-5.29289809988603, 35.903092729785], [-5.29287152771996, 35.9030707156298], [-5.29288523601116, 35.9030299136784], [-5.2929427713085, 35.9030085114553], [-5.29297381349146, 35.9030282211763], [-5.29300076744154, 35.9030502287947], [-5.29301623732905, 35.9030837171816], [-5.2930556311492, 35.9030807112824], [-5.29307913107704, 35.9030419758476], [-5.29306946071302, 35.9030309018202], [-5.29305216634716, 35.9030086926389], [-5.29299888277609, 35.9029849175585], [-5.29295929402151, 35.9029811665467], [-5.29295213175375, 35.9029609998524], [-5.29293775960752, 35.9029072224611], [-5.29288159783429, 35.9029173003584], [-5.29280435619456, 35.9029390475104], [-5.29275665205973, 35.9029669810987], [-5.29272605723779, 35.9029856211916], [-5.29271176593993, 35.9029701288931], [-5.29272836141647, 35.9029224797422], [-5.2927480165549, 35.9028950402099], [-5.29278430400079, 35.9028920983364], [-5.29287693018807, 35.9028633010053], [-5.29294029106001, 35.9028620902015], [-5.29298253792951, 35.9028635367627], [-5.29303878953428, 35.9028692189537], [-5.29307519825274, 35.9028595143329], [-5.29309606791341, 35.9028388469868], [-5.29307773419678, 35.9028143689485], [-5.29304801702887, 35.9028036907294], [-5.29301144661366, 35.902797651259], [-5.29296927071107, 35.9028119509778], [-5.29295402899562, 35.9027987485507], [-5.29297776428206, 35.9027689586746], [-5.29299984666838, 35.9027550249547], [-5.29305752389952, 35.9027494206138], [-5.29312762033946, 35.9027323165297], [-5.29316823766502, 35.9027112685905], [-5.29325405282582, 35.9026735589588], [-5.29329183147508, 35.9026750688288], [-5.29350146143148, 35.9026688336112], [-5.29357865456216, 35.9026695896377], [-5.29367426585109, 35.9026835510233], [-5.29372930922181, 35.9026937941252], [-5.2938078947412, 35.9026697344397], [-5.29384833959021, 35.9026441874335], [-5.29388046244645, 35.9026165091359], [-5.29390168963663, 35.9025980894337], [-5.29392250270345, 35.9025864470505], [-5.29395634673176, 35.9025947917289], [-5.29400582593763, 35.9026299197009], [-5.29401389460552, 35.9025981942152], [-5.29405292909953, 35.9025230920814], [-5.29406858583664, 35.902549817191], [-5.29405629508692, 35.9026041442001], [-5.29406747462063, 35.9026174427092], [-5.29408442044014, 35.9026306655407], [-5.29410843869591, 35.9026459738105], [-5.29412963444502, 35.9026500755647], [-5.29415320623809, 35.9026271037007], [-5.29417553566111, 35.9025973588743], [-5.29419704312562, 35.9026082103016], [-5.29419168108171, 35.902651138659], [-5.29418468500228, 35.9026737976274], [-5.29418644031034, 35.9027345911561], [-5.29419931765994, 35.9027726856842], [-5.29423470679056, 35.9027990374266], [-5.29425871606314, 35.9028030809612], [-5.29435330327266, 35.9028531124988], [-5.29436716248088, 35.9028663411121], [-5.29436870848148, 35.9028483289502], [-5.29435714267218, 35.9028305183424], [-5.29431202478707, 35.9028043157781], [-5.29430626658607, 35.9027706417229], [-5.29436108897124, 35.9027763501159], [-5.29440484770534, 35.9028160891058], [-5.29442343384859, 35.9028247430098], [-5.29443733437931, 35.9028267316686], [-5.29444291740877, 35.9028040676505], [-5.29443996374815, 35.902772593273], [-5.29444256706584, 35.9027432254226], [-5.29447073194493, 35.9027607420806], [-5.29447502679029, 35.9027876708512], [-5.29451309379879, 35.9028117719766], [-5.29452436855393, 35.9028070495479], [-5.29454806970438, 35.9027525087498], [-5.29457013951427, 35.9027137636949], [-5.29461364222855, 35.9027084431338], [-5.29462396387116, 35.9027420488166], [-5.29462243943012, 35.9027623501813], [-5.29460157066775, 35.9027830160922], [-5.29460873293551, 35.9028031297135], [-5.29462437889282, 35.9028051372916], [-5.29464639660041, 35.9027889151278], [-5.29469827520639, 35.9027383385415], [-5.29479369784913, 35.9027229844477], [-5.29489754399429, 35.9026984961865], [-5.29492013123381, 35.9027003174894], [-5.29498758213524, 35.9026742531352], [-5.29503947870749, 35.902684519523], [-5.29518187515476, 35.902711079402], [-5.29520553677934, 35.9027038669561], [-5.29532057952623, 35.902683652894], [-5.29540652853595, 35.9026617368575], [-5.29545968274963, 35.9026449179925], [-5.29553663782678, 35.902600658762], [-5.2955630114652, 35.9025663341018], [-5.29560765773481, 35.9024821101183], [-5.2956312546807, 35.9024726499404], [-5.29568477361038, 35.9024558244865], [-5.29572377576506, 35.9024032801199], [-5.29571515104002, 35.9023921463359], [-5.29572048164293, 35.9023379923623], [-5.29578374190353, 35.9023457913285], [-5.2958429480673, 35.9023806923839], [-5.29587965951802, 35.9023822437356], [-5.29600751852902, 35.9023617792794], [-5.29602701376733, 35.9023298761394], [-5.29601700024685, 35.9023075103162], [-5.29595038477866, 35.9022659723153], [-5.29608849895693, 35.902288123493], [-5.29623333702515, 35.9023056264263], [-5.29634486286766, 35.9023418161698], [-5.29637829367098, 35.9023006005366], [-5.29641188617104, 35.9022774371987], [-5.2963241881414, 35.9022137625428], [-5.29629865173284, 35.9021804309607], [-5.29633080603011, 35.9021798153665], [-5.29641547404228, 35.902221025969], [-5.29644529092317, 35.902222704663], [-5.29648307047076, 35.9022242356436], [-5.29651822514111, 35.90221906058], [-5.29652095781618, 35.9021942338043], [-5.29650660004301, 35.9021764528831], [-5.29647713799663, 35.9021635043009], [-5.2964235040826, 35.9021510185039], [-5.2963531345548, 35.9021366000581], [-5.29639108388399, 35.9021088087967], [-5.29646257271263, 35.9021141977977], [-5.2966498040757, 35.9021602022119], [-5.29670205997409, 35.9021704606622], [-5.2967186455692, 35.9021453733716], [-5.29669888892113, 35.9021322341391], [-5.29670172130925, 35.9020983604209], [-5.29676462224374, 35.9020836450829], [-5.29676312475218, 35.9020318383105], [-5.29678423516134, 35.9020314344624], [-5.29681624842313, 35.9020375969649], [-5.29685999368252, 35.902052506595], [-5.29690585806766, 35.9019750157809], [-5.29689730700446, 35.9019436480389], [-5.29691381714108, 35.901902756005], [-5.29693220475663, 35.9018911455363], [-5.29694636040886, 35.9019021331321], [-5.29695762528253, 35.9019221902202], [-5.29696345624706, 35.9019423826471], [-5.29695394129157, 35.9019853579355], [-5.29693453498647, 35.902033061497], [-5.29693496258456, 35.9020713761141], [-5.29697532568691, 35.9020548379981], [-5.29704825451493, 35.9020016086425], [-5.29710408750476, 35.9019464473274], [-5.29711405431286, 35.9019552839679], [-5.29711411090671, 35.901980040236], [-5.29712404357882, 35.902000159155], [-5.29715771423229, 35.9020040171785], [-5.29718450289237, 35.9019967486388], [-5.29726979253872, 35.9019049549793], [-5.29731884324817, 35.901888250923], [-5.29734677815857, 35.9018742042615], [-5.29735780138542, 35.9018717396921], [-5.29741390476818, 35.9018008128882], [-5.29742903868578, 35.9017734399113], [-5.2974191787772, 35.9017556501637], [-5.29739340431509, 35.9017132961696], [-5.29742460460151, 35.9017149479511], [-5.29747220273518, 35.9017320915486], [-5.29751060571356, 35.9017561318724], [-5.29753409935318, 35.9017421703232], [-5.29747499469906, 35.9017094810637], [-5.29742544991621, 35.9016721427877], [-5.29741681890296, 35.9016137118758], [-5.29750533170454, 35.9016458023126], [-5.29751675917325, 35.9016455847429], [-5.29756617459871, 35.9016784588537], [-5.29761951027208, 35.9016796864117], [-5.29765184063915, 35.9016835757401], [-5.29767435331851, 35.9016718815587], [-5.29770086799244, 35.901630796555], [-5.29767803730948, 35.9016087135932], [-5.29765408552906, 35.9015934065781], [-5.29763131682987, 35.9015600216157], [-5.2976536112186, 35.9015415805656], [-5.29766774081968, 35.9015390745093], [-5.29770877855681, 35.9015450274844], [-5.29776905191913, 35.9015461277042], [-5.29779555850822, 35.9015298550738], [-5.29784458136989, 35.9015131152832], [-5.29788947467623, 35.9014852277519], [-5.29790943614013, 35.9014803422483], [-5.29793700004631, 35.9014527508629], [-5.2979482065295, 35.9014322687026], [-5.29793690123162, 35.9014234756632], [-5.2979117897262, 35.9014284586767], [-5.29785396247641, 35.9014295661747], [-5.29783860847155, 35.9014140939462], [-5.29786248479351, 35.9014001432516], [-5.2979142349404, 35.9013945912062], [-5.29792374809926, 35.9013538698888], [-5.29796300178223, 35.9013328492341], [-5.29802489390868, 35.9013294117656], [-5.29805422300438, 35.9013040389653], [-5.29806809299236, 35.9012925150005], [-5.29808803289674, 35.9012853773743], [-5.29811566687148, 35.9012240006031], [-5.29809296734259, 35.9012064152049], [-5.29806905688465, 35.9011933260252], [-5.29802248822035, 35.9011874603431], [-5.29798158073893, 35.9011859904661], [-5.2979409122094, 35.9011574915833], [-5.29795609643264, 35.9011301365756], [-5.29802182167041, 35.9011041037215], [-5.29806544475892, 35.9010920106952], [-5.2981031479497, 35.9010800253612], [-5.2981777979498, 35.9010627957582], [-5.29825652540299, 35.901068045119], [-5.29831830883329, 35.9010736575832], [-5.29837571117996, 35.9010477433196], [-5.2983784420584, 35.9010094049217], [-5.2983557021053, 35.9010030844362], [-5.29833889103309, 35.9010079124839], [-5.29828298887295, 35.9010134856586], [-5.29824757458951, 35.9010096603316], [-5.29820841163638, 35.9010081569788], [-5.29813940395455, 35.9009936772012], [-5.29812934731495, 35.9009690945362], [-5.29813357837994, 35.9009577502555], [-5.29821179648838, 35.9009336958637], [-5.29823588211775, 35.900928732466], [-5.29827249026224, 35.9009257766937], [-5.29825100256063, 35.9009014152177], [-5.29821993881811, 35.9008794877727], [-5.29820994146731, 35.9008571222673], [-5.2982874813477, 35.9008691491119], [-5.29832698206737, 35.9008706473738], [-5.29836618364804, 35.9008744341412], [-5.2983377753255, 35.9008366559615], [-5.29829543233628, 35.9008217002594], [-5.29825019048362, 35.9007887472048], [-5.2982079606821, 35.9007782964717], [-5.29817429182526, 35.9007744340224], [-5.29814059961222, 35.9007705766667], [-5.29810405255317, 35.9007645195771], [-5.29807693690632, 35.9007244622947], [-5.2980695994671, 35.9006975742991], [-5.29807380268432, 35.900674936595], [-5.29810882620062, 35.9006652579012], [-5.29816527184147, 35.9006776886299], [-5.29821866410872, 35.9006676570181], [-5.29824959310395, 35.9006715725923], [-5.29826912247822, 35.9006666921322], [-5.29831551686938, 35.9006658036512], [-5.29834066700238, 35.9006495570359], [-5.29835066075993, 35.9006358528856], [-5.29837407175455, 35.9006083405215], [-5.29839957043389, 35.9006033501797], [-5.29843182444418, 35.9006162800978], [-5.29845594061629, 35.9006248461947], [-5.29851510096594, 35.9006237132171], [-5.29858810884571, 35.9006335607347], [-5.29865096306782, 35.9005804999698], [-5.29869150762988, 35.9005459219326], [-5.2987803590963, 35.900361719172], [-5.29883469459456, 35.9003246087484], [-5.29890303572645, 35.9002218755315], [-5.29893788227462, 35.9001716633233], [-5.29895162021027, 35.9001555941584], [-5.29899073914597, 35.9001188125458], [-5.29901891031328, 35.9001115169091], [-5.29905426440958, 35.9001130930461], [-5.29906959685487, 35.9001285655289], [-5.29918911231351, 35.900119514749], [-5.29922433974738, 35.9001278502277], [-5.29928554556095, 35.9000545722073], [-5.29933011457545, 35.8999906207027], [-5.29935936012785, 35.8999247087941], [-5.29940399651599, 35.8998990837685], [-5.29945167639633, 35.899884619069], [-5.29949957636393, 35.8998634328421], [-5.29952980467323, 35.8997727282208], [-5.29950585199449, 35.8997573859223], [-5.29947209420443, 35.8997535248785], [-5.29943827712556, 35.8997564261189], [-5.29941158099195, 35.8997299140026], [-5.29940526942875, 35.8996804480777], [-5.29939245585955, 35.8996446566114], [-5.29939639856534, 35.8996130136118], [-5.2994087288409, 35.8995609425309], [-5.29945235013279, 35.8995488441751], [-5.2994749077279, 35.8995506662782], [-5.29953233882064, 35.8995247915381], [-5.29957999624309, 35.8995103493283], [-5.29962195205842, 35.8994870010714], [-5.29964712554765, 35.89948426937], [-5.29968242754169, 35.8994700782016], [-5.29971437881972, 35.8994153764701], [-5.29970558071981, 35.8993975272504], [-5.29970831069996, 35.899336630011], [-5.29970654191717, 35.8993005909784], [-5.29969625980043, 35.8992557448232], [-5.29969610169694, 35.8992376925449], [-5.29969899876374, 35.8992061061418], [-5.29971566880045, 35.8991855193418], [-5.2997307245646, 35.8991671577834], [-5.29972236933416, 35.8991403078258], [-5.2997010657872, 35.8991114021605], [-5.29969934281847, 35.8990754015924], [-5.29966385397487, 35.8990580624008], [-5.29962277761019, 35.8990137662358], [-5.29959466213843, 35.8989759638821], [-5.29957179552285, 35.8989629085347], [-5.29955079111489, 35.8989543000524], [-5.29951835474662, 35.8989233553522], [-5.29953358119069, 35.8988982881352], [-5.2995235200595, 35.8988737070025], [-5.29949842831697, 35.8988674314628], [-5.29947856656605, 35.8988632691149], [-5.29945169076939, 35.8988683265132], [-5.29942925354852, 35.8988574571086], [-5.29945441446132, 35.8988299514032], [-5.29947670795172, 35.8988115060785], [-5.29948234218518, 35.8988023874734], [-5.29946945585245, 35.8987890875956], [-5.2994453738163, 35.8987692763984], [-5.29943116606177, 35.898744777454], [-5.29946514663401, 35.8987350766936], [-5.29949289289819, 35.8987255411165], [-5.2995194758441, 35.898698003347], [-5.29953777542474, 35.8986841409512], [-5.29953185103545, 35.8986346685513], [-5.29948799887654, 35.8985926781854], [-5.29942582018751, 35.8985600895012], [-5.29941862288547, 35.8985512175527], [-5.29942950058522, 35.8984834051832], [-5.29943341005336, 35.8984405000343], [-5.29945976752209, 35.898381404541], [-5.29946795117435, 35.8983294083293], [-5.29946348205579, 35.8982934612545], [-5.29944892844988, 35.8982711779749], [-5.29943075912496, 35.8982399957812], [-5.29943195837585, 35.8982219214406], [-5.29944287739813, 35.8981811730216], [-5.2994271532874, 35.8981521556696], [-5.29938639851959, 35.8981191563868], [-5.29930741863981, 35.89810490312], [-5.29925780917824, 35.8980652956597], [-5.2992194861499, 35.8980096702451], [-5.29922057670467, 35.8979397907671], [-5.29922722783102, 35.8978945850888], [-5.29924800676184, 35.8978716467738], [-5.29926869765779, 35.8978081708721], [-5.29931342657243, 35.8977622316037], [-5.29933007055802, 35.8977281326133], [-5.29929331598815, 35.8976905093861], [-5.29928197745265, 35.8976704585026], [-5.29929297642498, 35.8976544827025], [-5.29928306531247, 35.8976343641342], [-5.29927465528477, 35.8976187594511], [-5.29927570272039, 35.8975962183776], [-5.29930385322643, 35.897588923236], [-5.29932768283597, 35.8975726658014], [-5.29933734511518, 35.8975499588002], [-5.29932594818918, 35.8975254027182], [-5.29931029055377, 35.8974986380718], [-5.29934814466152, 35.8974911566311], [-5.29937771720067, 35.8974725720046], [-5.29939219175484, 35.8973753583057], [-5.29944685154496, 35.8973134858513], [-5.29944078971341, 35.897284324097], [-5.29946875067493, 35.8972454621166], [-5.29944895989091, 35.89720755413], [-5.29941646872539, 35.8971856183847], [-5.29938515435291, 35.8971321288766], [-5.29940032689805, 35.8970935528075], [-5.29937044354184, 35.8970535482447], [-5.29931226594908, 35.8969938142504], [-5.29925278400254, 35.8969115884261], [-5.29922133578109, 35.896817520622], [-5.29927923848933, 35.8966654416644], [-5.29949657329593, 35.8963998796744], [-5.29977300646842, 35.8961309314944], [-5.3001896109612, 35.8957533700297], [-5.30057985978189, 35.8953966194189], [-5.30062398592695, 35.8953551978644], [-5.30079862290975, 35.8951805728806], [-5.30090725707537, 35.8950703513178], [-5.30101389248949, 35.8949857285728], [-5.30105276888004, 35.894954879108], [-5.30209113241529, 35.895079188726], [-5.3032279540006, 35.8952083927724], [-5.30434785222427, 35.8953401283306], [-5.3055537470684, 35.895486001704], [-5.30638101010513, 35.8955647425335], [-5.30730385209146, 35.895657442271], [-5.30736100290984, 35.8956112601536], [-5.30755656524886, 35.895634565891], [-5.30767485271052, 35.8956412834087], [-5.30777448306208, 35.8956033127982], [-5.30784999095327, 35.8955455250714], [-5.30787622535284, 35.8954841722302], [-5.30786429752248, 35.8954055382948], [-5.30783026933952, 35.8953430944994], [-5.30774816601751, 35.8952815581169], [-5.30198075012811, 35.8945675096097], [-5.30171656189126, 35.8937658440121], [-5.30177712181615, 35.8931787448528], [-5.30186370773142, 35.8930959714469], [-5.30196758082606, 35.8930737085363], [-5.30203482960654, 35.8930408708773], [-5.30207811582681, 35.8930039891697], [-5.3020991337095, 35.8929652582642], [-5.30214519841896, 35.8929193329233], [-5.30217715149361, 35.8928758905988], [-5.30217686133779, 35.8928173054627], [-5.30250639841829, 35.8925293139469], [-5.30237031263589, 35.8923606451286], [-5.30250789770651, 35.8921033620848], [-5.30272354907025, 35.8920068120468], [-5.30298799153031, 35.891839511009], [-5.30330047858673, 35.8916554822974], [-5.30347727242456, 35.8916520909847], [-5.30358253431458, 35.8916049881104], [-5.30364824158604, 35.8915316250587], [-5.30371731843815, 35.8913703196945], [-5.30381764678065, 35.8912389406795], [-5.30391641654614, 35.8911096027978], [-5.30417410187864, 35.890935632163], [-5.30422943091363, 35.8908016150341], [-5.30455701236175, 35.8906150447588], [-5.30470057122899, 35.8905718966404], [-5.30472519854252, 35.8905645200702], [-5.30517809137954, 35.8903777920397], [-5.30576762964935, 35.8902257836764], [-5.30584104626257, 35.8902068531125], [-5.30605634189346, 35.8901513626343], [-5.30619402667705, 35.8901374186879], [-5.30626089008028, 35.8902330525692], [-5.30640300445656, 35.8902528484364], [-5.30672710942454, 35.8901835203056], [-5.30697258665235, 35.8900909320564], [-5.30704887877277, 35.8900603805231], [-5.30719125725374, 35.8900033652753], [-5.30722951560339, 35.8898426142665], [-5.30752770956533, 35.8896678592253], [-5.30770834459927, 35.8895945344059], [-5.30795172246426, 35.8896079064221], [-5.30805166992109, 35.8898200571513], [-5.3082182669821, 35.8899407964101], [-5.3086178807396, 35.8898024168204], [-5.30890929152283, 35.8897110107475], [-5.30915370065375, 35.8896343469683], [-5.30950510182997, 35.889600542862], [-5.30980560625881, 35.8895655029899], [-5.31011045583868, 35.8895370807059], [-5.31041069346788, 35.8894344222769], [-5.31072334132275, 35.8893427508706], [-5.31101378551873, 35.8892676725488], [-5.311102163573, 35.8892448147001], [-5.31130713396802, 35.8891918037954], [-5.31174638858238, 35.8890977290017], [-5.31202853054848, 35.8890382080643], [-5.31245481977837, 35.8890795841632], [-5.31253874668043, 35.8891021334838], [-5.31263483497479, 35.8891279519532], [-5.31264400407889, 35.8892043891579], [-5.31272414009044, 35.889234371904], [-5.31270066711208, 35.8892844112902], [-5.31267016032501, 35.8893548558806], [-5.31267041454823, 35.8895531527541], [-5.31268506427389, 35.8898413348536], [-5.31286624189029, 35.890049658373], [-5.31306386855784, 35.8901675451779], [-5.31470898028712, 35.8908006056347], [-5.31493729699803, 35.8908683110554], [-5.31498644562387, 35.8908561051186], [-5.31500542972076, 35.8908061533288], [-5.31506790665046, 35.8906449876718], [-5.31494915296316, 35.8905976731482], [-5.31490879614902, 35.8906367749135], [-5.31308646837378, 35.8899439963938], [-5.3131528080592, 35.8891787832229], [-5.3134118741023, 35.8888628428277], [-5.31355391391839, 35.8888893876945], [-5.31363580883127, 35.88890807768], [-5.31396813877398, 35.8887912981304], [-5.31422816781107, 35.8887930244146], [-5.31452921841561, 35.8888368073948], [-5.31527674339445, 35.8889958698267], [-5.31603021522047, 35.889181911188], [-5.31604256436067, 35.8893574540218], [-5.31609500261707, 35.8893857606548], [-5.31659979831459, 35.8896396931524], [-5.31685066902734, 35.8897069425279], [-5.31711027495792, 35.8896591027231], [-5.31739239356787, 35.8895995705634], [-5.31747045267449, 35.8896882258035], [-5.31786850336338, 35.8895317847309], [-5.31794375972632, 35.8896565278804], [-5.3179252984489, 35.8896636396277], [-5.31777439136263, 35.8897251483551], [-5.3176704113685, 35.8897677321879], [-5.31765961002553, 35.8898242818349], [-5.31764758697378, 35.8898740996075], [-5.31759592037019, 35.8899539594991], [-5.31758099486175, 35.890024100016], [-5.31753905431776, 35.8900835059534], [-5.31443041541245, 35.8931586236916], [-5.31442228835408, 35.8931880591389], [-5.31442113222232, 35.8932309103712], [-5.31444675486916, 35.8932687394836], [-5.31481667391665, 35.8935117493641], [-5.31487865228136, 35.8935240662345], [-5.31492507272367, 35.8935141610694], [-5.31735276349079, 35.8911372101604], [-5.31928081129687, 35.8916543521024], [-5.31946592622918, 35.8917814738283], [-5.31876749777387, 35.8924169382138], [-5.31796946052657, 35.8918779775652], [-5.31802928023969, 35.8918069683038], [-5.31798851109882, 35.8917852348316], [-5.31789499198616, 35.8918884243792], [-5.32007936777039, 35.8934326935674], [-5.32002198967825, 35.8934698356036], [-5.31996974994954, 35.8934483245464], [-5.3199474780187, 35.8934780720832], [-5.31998857504461, 35.8935110580183], [-5.31994559604815, 35.8935682301134], [-5.32038913472813, 35.8938683767498], [-5.32045491835638, 35.8938197906256], [-5.3205349654347, 35.8938588187545], [-5.32055058264594, 35.8938359564093], [-5.32048676542984, 35.8937853915677], [-5.32054271430237, 35.8937459871662], [-5.32531073557355, 35.8971894344363], [-5.32510335320198, 35.8974976789688], [-5.32295965403216, 35.8984788877038], [-5.32006032977457, 35.8984583050808], [-5.31496874072794, 35.8961048096709], [-5.31225445504583, 35.8957920362603], [-5.31232463323245, 35.8953602962388], [-5.31191952807362, 35.8953207659986], [-5.31182544302232, 35.8957169320347], [-5.3116692367742, 35.8957154329476], [-5.31166942272547, 35.8957334474605], [-5.31139360040738, 35.8957004711839], [-5.31129939677846, 35.8957112944484], [-5.31125062634337, 35.8957482658588], [-5.31120300575184, 35.8957897592511], [-5.31117246393049, 35.8958331766899], [-5.31116579932942, 35.8959144212254], [-5.31116758787515, 35.8959527096959], [-5.31119759699551, 35.8960084377076], [-5.31126699634281, 35.8960724477354], [-5.31159749551897, 35.896104412342], [-5.31160921853342, 35.896162777461], [-5.31463433298194, 35.8965461833515], [-5.31499524192714, 35.8966586689282], [-5.31615437407084, 35.8972086973443], [-5.31696384956661, 35.8975558655028], [-5.31783868738078, 35.8979694034487], [-5.31857953967372, 35.8983607105564], [-5.31904758349628, 35.8985860460574], [-5.31958480029072, 35.8987964917791], [-5.32006265551285, 35.898965292422], [-5.32072798374487, 35.8989862540355], [-5.32105810832358, 35.8989933831367], [-5.32169714915544, 35.8990621432382], [-5.32231459718284, 35.8991155528526], [-5.32265911816229, 35.8991291968686], [-5.32292727515608, 35.8990879344462], [-5.3232137739513, 35.8990237966018], [-5.32349396747157, 35.8989101973929], [-5.32411171463797, 35.8986053115362], [-5.32472379612984, 35.8982869804607], [-5.32507956222002, 35.8981043107801], [-5.32536669253091, 35.8979184992321], [-5.32555841008051, 35.8977976011315], [-5.32566586116493, 35.8977076116491], [-5.32583265226204, 35.8974227095298], [-5.3261302416578, 35.8969797608986], [-5.32631961819778, 35.8967192007379], [-5.3264404766378, 35.8965208061071], [-5.3265585907246, 35.8963449902561], [-5.32672600794749, 35.8961261315298], [-5.32674341999263, 35.8961045629777], [-5.32681239982668, 35.896087678681], [-5.32686590797656, 35.8960686228973], [-5.32693169250313, 35.8960583425526], [-5.32700604605919, 35.8960321275585], [-5.32713131343064, 35.8960183825847], [-5.32726215754334, 35.8960294124752], [-5.32743364233782, 35.8960328487184], [-5.32752096487164, 35.8960604332606], [-5.32768011040736, 35.8960911673168], [-5.32796113127601, 35.8961014847703], [-5.32825097000748, 35.8961161320881], [-5.32859381383232, 35.8961072525886], [-5.32877482436206, 35.8960586765711], [-5.32893058953736, 35.896021834838], [-5.32902313936783, 35.8959794639493], [-5.3292373174945, 35.8958581597355], [-5.32943628175352, 35.8957596356282], [-5.32956536965986, 35.8957097989998], [-5.32965778384472, 35.8956629590608], [-5.32983445461332, 35.8955964337249], [-5.33001275312922, 35.8955614066944], [-5.33017250053619, 35.8955312837124], [-5.33047774717144, 35.8955276073018], [-5.33069850635588, 35.8955233217945], [-5.33079276568032, 35.8955507747981], [-5.33084786564492, 35.8955767643605], [-5.33087436414917, 35.8955830059586], [-5.3308914878351, 35.8955759173021], [-5.3309400705223, 35.8955343975999], [-5.33098797587978, 35.895515453751], [-5.33101035111688, 35.8955217754023], [-5.33102596473483, 35.8955349834095], [-5.33108914863864, 35.8955180102103], [-5.33108771223251, 35.8955045082038], [-5.33108589494069, 35.8954774794415], [-5.33109594798704, 35.8954660208504], [-5.33111364120487, 35.8954318611982], [-5.33113492948045, 35.8954134296361], [-5.33115871597086, 35.8954107145316], [-5.33124563695778, 35.8954000171207], [-5.33128091649392, 35.8953993330685], [-5.33131590138265, 35.8953761313252], [-5.33133691118053, 35.8953599221931], [-5.33137477516975, 35.895341168964], [-5.33143321147731, 35.8953040001525], [-5.3314698582493, 35.8953010361653], [-5.33149778417657, 35.8952846923904], [-5.33149886395151, 35.8952396110907], [-5.33149409210073, 35.8951721175353], [-5.3314900766314, 35.8951454204987], [-5.33148032631731, 35.8951273061548], [-5.33147847488952, 35.8951006476722], [-5.33147671958146, 35.8950755370368], [-5.33151316153758, 35.8950432983927], [-5.33155768563632, 35.8950018584602], [-5.33157787257739, 35.8949870486548], [-5.33159562059245, 35.8949740392236], [-5.33161907919778, 35.8949600903047], [-5.3316387055901, 35.8949439436713], [-5.33165419434226, 35.8949166199913], [-5.3317103740818, 35.8948974729607], [-5.33175790394349, 35.8948650195667], [-5.33178436741342, 35.8948351706701], [-5.33183892928716, 35.8947958417463], [-5.33194540839441, 35.8947667147228], [-5.33199279093238, 35.8947297566808], [-5.33200189086621, 35.8946982347015], [-5.33200784400161, 35.8946776117985], [-5.33203998482416, 35.8946386786772], [-5.33213245470455, 35.8946053511824], [-5.33223519951517, 35.8945920979014], [-5.33239514185658, 35.8945686826987], [-5.33253838721177, 35.8945546412877], [-5.33261439276966, 35.8945486579503], [-5.33266218763436, 35.894525207804], [-5.33270791996716, 35.8944792411601], [-5.33281323934936, 35.894423103091], [-5.33288878137655, 35.8943788458126], [-5.33295442666427, 35.8943505060338], [-5.33303450248868, 35.8943061206352], [-5.33311408513804, 35.8942572778926], [-5.33322201771943, 35.8941988400517], [-5.33334079027133, 35.8941401896714], [-5.33341656675882, 35.8941139471161], [-5.33374067801501, 35.894021989309], [-5.33384211757352, 35.8939997499461], [-5.33417372796569, 35.8939639857482], [-5.33445256233495, 35.8940036476569], [-5.33466188596584, 35.8940356465744], [-5.33471071568973, 35.8940482129738], [-5.3347852587903, 35.8940625288279], [-5.3348569506382, 35.8940830783907], [-5.33494724479898, 35.8941089600036], [-5.3350576019333, 35.8941315872141], [-5.33527170190656, 35.8942310972329], [-5.3355646649786, 35.894326822957], [-5.33575571058838, 35.8944199869766], [-5.33603476234993, 35.8945272410624], [-5.33627181966858, 35.8945834729338], [-5.33640455114167, 35.8946462397092], [-5.33659413070092, 35.894725915768], [-5.33674079234915, 35.8948380160563], [-5.33675921410069, 35.894853404427], [-5.3367729726976, 35.8948847029345], [-5.3367832063053, 35.8949047763552], [-5.33682918297985, 35.8949376598152], [-5.3368535946977, 35.8949529914044], [-5.33689118559907, 35.8949860393087], [-5.33694230153538, 35.8950053522378], [-5.33698241760103, 35.895027092831], [-5.33698979456613, 35.8950427140348], [-5.33706096628946, 35.8950728764996], [-5.33712015179196, 35.8951288969454], [-5.33713326899175, 35.8951413416425], [-5.33715358888346, 35.8951612177868], [-5.33717345063438, 35.8951653337555], [-5.33722489894735, 35.895195898601], [-5.3372604425882, 35.8952041989401], [-5.33726458921154, 35.8952156197279], [-5.33727094119892, 35.8952332879614], [-5.33727454164658, 35.8952507960933], [-5.33727747195105, 35.8952647333175], [-5.33730338744868, 35.8952889982866], [-5.33732904512981, 35.8953020149433], [-5.33733839389697, 35.895324390751], [-5.33736625155226, 35.8953643889104], [-5.33742173419915, 35.8953926220798], [-5.33747443296698, 35.8954186233375], [-5.33751234816017, 35.8954564645034], [-5.33755748580826, 35.8955116710934], [-5.33759625080771, 35.895546952118], [-5.3376367863866, 35.8955822331269], [-5.33769522538908, 35.8956036162545], [-5.33775747504501, 35.8956249251497], [-5.33779906434773, 35.8956511795752], [-5.33783509307882, 35.8956752341169], [-5.33785196972805, 35.8957098528505], [-5.33785904485923, 35.8957243721635], [-5.33795027865781, 35.8957654202089], [-5.33810145434034, 35.8957850014733], [-5.33827922195193, 35.8958491390311], [-5.3383449256301, 35.8958839330669], [-5.33839104064523, 35.8959213213746], [-5.3384630073776, 35.8959785142881], [-5.33852006477117, 35.8959999606194], [-5.33856340578867, 35.8959900885109], [-5.3386340313363, 35.8959909493914], [-5.33871634037255, 35.8959645713679], [-5.33880149796653, 35.8959764235779], [-5.33891579062014, 35.8959899982749], [-5.33910763752716, 35.8960493757215], [-5.33930874426813, 35.8961310632096], [-5.33951619401331, 35.8962509610748], [-5.33962068874211, 35.8963210319751], [-5.33966834077467, 35.8963629325827], [-5.33977111792463, 35.896408225005], [-5.33985240916963, 35.8964915923936], [-5.3398724847196, 35.8965121762557], [-5.33994785337194, 35.8965444863445], [-5.33998395306997, 35.8965708474376], [-5.34003138142202, 35.8966059562519], [-5.34008189009719, 35.8966523080716], [-5.34017798378143, 35.8967180349578], [-5.34020932779832, 35.8967354779957], [-5.34023728336996, 35.8967585636359], [-5.34026481224185, 35.8967974935315], [-5.34029379009629, 35.8968284594383], [-5.34035380384548, 35.8968678652164], [-5.34038762002604, 35.8969122666436], [-5.34043782417233, 35.8969473440155], [-5.34045603931134, 35.8969812854312], [-5.34046422296357, 35.896996414324], [-5.34051398783367, 35.8970652962306], [-5.34053328723925, 35.8971550463027], [-5.34057003013099, 35.8972625055323], [-5.34058391718695, 35.8973704143327], [-5.34059919573332, 35.8974099719296], [-5.34060378792105, 35.8974218246509], [-5.3406377451371, 35.8975879335708], [-5.34065132047767, 35.8976845502995], [-5.3406301103555, 35.8977277920526], [-5.34065893729299, 35.8977542946518], [-5.34070135484237, 35.8978188177467], [-5.34075305827688, 35.8979056772994], [-5.3408106169304, 35.8980149882114], [-5.34084615697796, 35.8980683832508], [-5.34088056604662, 35.8981443213611], [-5.340863674126, 35.8982054982228], [-5.34082175783653, 35.8982761684637], [-5.3408263994316, 35.8983504385139], [-5.34087223507067, 35.8984261536813], [-5.34086852862181, 35.898500585865], [-5.34086260153757, 35.8986043735495], [-5.34096926479946, 35.8986406173787], [-5.34109489958182, 35.8987440570465], [-5.34127349274517, 35.8988960868943], [-5.34138138849561, 35.8989750972126], [-5.34149763229002, 35.899053942996], [-5.34205125591477, 35.8992662590655], [-5.34219251329825, 35.8992792685191], [-5.34232029595247, 35.8993038000437], [-5.34239018308496, 35.8993362552564], [-5.34250196674395, 35.8994061808006], [-5.34259454082893, 35.8994472051064], [-5.34279747384486, 35.899495042635], [-5.34293851203942, 35.8994990463162], [-5.34305347483623, 35.8994765348852], [-5.34312429262335, 35.8994368662586], [-5.34319333803439, 35.8994422743611], [-5.34336189521936, 35.8995223494535], [-5.34357336223049, 35.8996264021278], [-5.34372699480532, 35.8997405875427], [-5.34381897061234, 35.8998649493148], [-5.34391833416422, 35.8999937467853], [-5.34406071174685, 35.9001622079631], [-5.34417476185534, 35.9002589263341], [-5.34421662694084, 35.9002943667857], [-5.3442980978489, 35.9003919465556], [-5.34434665538327, 35.9004788702301], [-5.34441176886831, 35.9006556265046], [-5.34450456753211, 35.9008070348929], [-5.34463855574831, 35.9009125994203], [-5.34477660165467, 35.9010158294625], [-5.34486455031423, 35.9010974761699], [-5.34489228220536, 35.9011352564081], [-5.34493507794552, 35.9012031334506], [-5.34495402880475, 35.9012331858741], [-5.34497038532944, 35.9012862542058], [-5.34497891483304, 35.9013138150876], [-5.34499423560024, 35.9013631009873], [-5.3449763079221, 35.9013769629139], [-5.34498257187459, 35.9014016502352], [-5.34500419612009, 35.9014192472326], [-5.34503998679765, 35.9014365626219], [-5.34509639740424, 35.9014467593149], [-5.34526607838162, 35.9015178225083], [-5.34536514998104, 35.901590224529], [-5.34541197646184, 35.9016524108991], [-5.34546251298479, 35.9016987553978], [-5.34550619895537, 35.9017474465622], [-5.34557874779606, 35.9018361907985], [-5.34562499845675, 35.9018780797549], [-5.34568189235695, 35.9019513640913], [-5.34568255711027, 35.9019738719078], [-5.34568548741474, 35.9020279024293], [-5.34568127611268, 35.9020843247114], [-5.34568294248752, 35.902096881829], [-5.34568484242435, 35.9021112850012], [-5.3456798253335, 35.9021210908575], [-5.34566849398451, 35.9021431700381], [-5.34566426381781, 35.9021582426426], [-5.34566097059399, 35.9021703413272], [-5.34566928360363, 35.9022175099527], [-5.34564527882262, 35.9022720714938], [-5.34565537408977, 35.9023327350816], [-5.34566762351699, 35.9023795346913], [-5.34567412103143, 35.9024044581864], [-5.34569521616927, 35.902462639658], [-5.34569147558442, 35.9025210823132], [-5.34568765684612, 35.9025461520212], [-5.3456756050483, 35.9025552891139], [-5.34563207718121, 35.9025742662052], [-5.34560504867094, 35.9025747944785], [-5.34555314042056, 35.9025758088213], [-5.34553853740728, 35.9026076601992], [-5.3455296809169, 35.9026596717915], [-5.34552661406854, 35.9026980181218], [-5.34553370357273, 35.9027497131281], [-5.34556223676111, 35.902767175211], [-5.34559497406503, 35.9027845899931], [-5.3456187524706, 35.9028269150355], [-5.34564894394898, 35.9028533882769], [-5.34562302934964, 35.902878668897], [-5.34560076819861, 35.9028993711598], [-5.34558636371302, 35.902937980054], [-5.34555415372019, 35.9029498676022], [-5.3455150284963, 35.9029618948565], [-5.34551388404264, 35.9030160047444], [-5.34553044987478, 35.9030607599963], [-5.3455492399356, 35.9030761576832], [-5.34558586424973, 35.903073193987], [-5.345613738973, 35.9030681412233], [-5.34566549720472, 35.9030491162258], [-5.34570660501044, 35.9030595717526], [-5.34574408631733, 35.9030971254845], [-5.34576929573918, 35.9033062494558], [-5.34578510608816, 35.9033383770436], [-5.34581424653767, 35.9033977315146], [-5.34588596174175, 35.903481984357], [-5.34595765987782, 35.9035526891794], [-5.34600835630088, 35.9035942665251], [-5.34602472450369, 35.9036077205828], [-5.34612974564523, 35.9036710186554], [-5.3461472699798, 35.9037127836698], [-5.34615322042024, 35.9037268642041], [-5.34618176798164, 35.9037668821298], [-5.34620924564955, 35.9038069211367], [-5.34621270775667, 35.9038541491807], [-5.3462441829276, 35.9038873541767], [-5.34625751392639, 35.9039292194907], [-5.34626059065625, 35.9039388679522], [-5.34628140372307, 35.9040105670448], [-5.34630962250109, 35.9040302874308], [-5.34631722045178, 35.9040639544014], [-5.34628520449503, 35.9040938623945], [-5.34628309165748, 35.9041277228888], [-5.3463323381997, 35.9041402731335], [-5.34649083066019, 35.904173261902], [-5.34667691128141, 35.904273242446], [-5.34684550799226, 35.904425458134], [-5.3469953613547, 35.9046568666321], [-5.34706038051665, 35.9048085911606], [-5.34709871971464, 35.9048982233084], [-5.34711382578446, 35.9049986671624], [-5.34713147857813, 35.905116155524], [-5.34712256100231, 35.9054701410206], [-5.34712992808594, 35.9056840624722], [-5.34717272202943, 35.9058206832948], [-5.3472890170278, 35.9059468560138], [-5.34740360432883, 35.9060888818481], [-5.34750680368698, 35.9061949843146], [-5.34759704394884, 35.9062946428814], [-5.3476375364086, 35.9063772162167], [-5.34764785805122, 35.906419403274], [-5.34765565093631, 35.9064512225453], [-5.34764469687973, 35.9064897584006], [-5.3476318833105, 35.9065598668039], [-5.34754489494997, 35.9065931346945], [-5.34757058676709, 35.9066309174025], [-5.34768957581299, 35.9066624106186], [-5.34767944820648, 35.9067527289864], [-5.34772961731848, 35.9068103426359], [-5.34763426294768, 35.9068392353029], [-5.34758424924425, 35.9067884110071], [-5.34751214956124, 35.9067627612821], [-5.34749738215629, 35.9067315198592], [-5.34746342134695, 35.9067186673393], [-5.34742293337877, 35.9067307231253], [-5.34737924920485, 35.9067405851629], [-5.34738885848344, 35.9068192594981], [-5.34741293333305, 35.9068368079962], [-5.34745406539328, 35.9068472972202], [-5.34743483785294, 35.9068747019121], [-5.34737324576378, 35.9069119751593], [-5.34738044845574, 35.9069208432601], [-5.34743965731444, 35.9069219397671], [-5.3475711518074, 35.9069418893521], [-5.34765608033099, 35.9069808040526], [-5.34773131872761, 35.9070198722593], [-5.34777989871988, 35.9070459868425], [-5.3477745285911, 35.9070753501856], [-5.34773512578778, 35.9070896505867], [-5.34773136903329, 35.9071145347628], [-5.34776525258747, 35.9071138719125], [-5.34779925921086, 35.9071267185474], [-5.34784639471216, 35.9071753816336], [-5.34785830008459, 35.907215688858], [-5.34794954915452, 35.9072928027341], [-5.34797821439524, 35.9073260259326], [-5.34799173673521, 35.9073843558555], [-5.34800620769612, 35.9074178918855], [-5.34801518635741, 35.907452162054], [-5.34801729111011, 35.9074987905599], [-5.34800658498857, 35.9075350514165], [-5.34806446523895, 35.9076308178045], [-5.34807052347721, 35.9076599764744], [-5.34808706146161, 35.907727255653], [-5.34811648218548, 35.9077154182995], [-5.34813156759404, 35.9076993586698], [-5.34816125511755, 35.90769650647], [-5.34816631892078, 35.9076558487861], [-5.34817014304896, 35.9076332538181], [-5.34820088160134, 35.907619122319], [-5.34821490430293, 35.9076008114666], [-5.34824613782705, 35.9076272641932], [-5.3482623793674, 35.907660730998], [-5.34830187379886, 35.9076735055115], [-5.34834014292828, 35.9076907751486], [-5.34836516909378, 35.9076722671325], [-5.34841013426533, 35.9076465769483], [-5.34845185651869, 35.9076164840315], [-5.3486222678264, 35.9075951310705], [-5.34886499441279, 35.9076196592899], [-5.34909130788065, 35.9076738263841], [-5.34928512299645, 35.9077308754716], [-5.34943734701293, 35.9078202743875], [-5.3495799204283, 35.9079346698986], [-5.34965698330326, 35.9079985109374], [-5.34990990486982, 35.9081445101397], [-5.35006763645731, 35.9082451143101], [-5.35014776348571, 35.9083088954354], [-5.35018099037145, 35.908378097098], [-5.35024243154359, 35.9084422440965], [-5.35029688921276, 35.9085042751979], [-5.35036070463224, 35.9086134586951], [-5.35039828744877, 35.9086780682519], [-5.35042736232126, 35.908747356175], [-5.35043548488805, 35.9088125469684], [-5.35043866133088, 35.9088485540212], [-5.35046311347294, 35.9088796250795], [-5.35045360300901, 35.9088955571411], [-5.35045379345186, 35.9089158620205], [-5.35054702061203, 35.9089185395546], [-5.35059815990453, 35.9089490678029], [-5.3506388769431, 35.9089347771965], [-5.35073612945407, 35.9089553760123], [-5.35077329455402, 35.9089704495021], [-5.35082364871895, 35.9089536618092], [-5.3508507868237, 35.9089689317488], [-5.35088626578583, 35.9089862564], [-5.35094439936113, 35.9090076380893], [-5.35098811407782, 35.9090225835133], [-5.35103488935464, 35.9090351780923], [-5.35111771761709, 35.9090268013514], [-5.35129214888571, 35.9090008271193], [-5.35154486833132, 35.9090116783962], [-5.35180971862656, 35.9090222553703], [-5.35198230655218, 35.9090504043607], [-5.35210968855779, 35.9090839826124], [-5.35221467825833, 35.9091450222349], [-5.35232566960324, 35.909210446984], [-5.35247605117507, 35.9092841130622], [-5.35278691048419, 35.9094222337726], [-5.35291025366429, 35.9094716506811], [-5.35296545963004, 35.9094998853667], [-5.35304136547495, 35.9095727522873], [-5.35312546575185, 35.909629698144], [-5.35317537345409, 35.9096782701982], [-5.35325758367563, 35.9097318181649], [-5.35334592489899, 35.9097785981198], [-5.35341496222519, 35.9097704899358], [-5.35349544588474, 35.9097756674159], [-5.35361403697699, 35.909804909695], [-5.3538503109647, 35.9098678804918], [-5.35413371775875, 35.9099569503093], [-5.35427779944548, 35.90998114893], [-5.35438252773626, 35.9100219225594], [-5.35442669430552, 35.9100503709573], [-5.35445958522131, 35.9100744997017], [-5.35456497197719, 35.9101490468017], [-5.35458469538756, 35.9101599175658], [-5.35462664042314, 35.9102199428411], [-5.35464417104589, 35.9102624232466], [-5.3546685980351, 35.910293474105], [-5.35466776170357, 35.9103340671343], [-5.35468805644246, 35.9103764980032], [-5.35463787834733, 35.9104000031145], [-5.35460666997606, 35.9104118771729], [-5.35460010418964, 35.9104232644805], [-5.3546457350128, 35.910467452399], [-5.35465712834556, 35.910489786813], [-5.35468975246171, 35.9105049109408], [-5.35470246272468, 35.9104888969871], [-5.35472628514771, 35.9104748816827], [-5.35474405023077, 35.9104542614352], [-5.35477095207858, 35.9104514806372], [-5.35481008448898, 35.9104281916315], [-5.35487066597343, 35.9104157093211], [-5.3550138673112, 35.9103993832187], [-5.35515677669648, 35.9104191405743], [-5.35527000933805, 35.9104552072849], [-5.35540066660118, 35.9105292519988], [-5.35552319590761, 35.9106215107612], [-5.3557459511486, 35.9108109361734], [-5.35598099264776, 35.910973058274], [-5.35627121945143, 35.9111724571032], [-5.35639867242396, 35.9113029052142], [-5.35642915944805, 35.9113744128321], [-5.35649843303119, 35.911478978865], [-5.35655555600178, 35.9115312450955], [-5.35658279920942, 35.911556184625], [-5.35663868969144, 35.9116204374543], [-5.35674232293589, 35.9116814998573], [-5.3568020204781, 35.9117096049753], [-5.35685493304497, 35.9117536488451], [-5.35688953345477, 35.9118115629752], [-5.35694686124124, 35.9118645238094], [-5.35706184739424, 35.9119366267938], [-5.35714437292446, 35.9119868395404], [-5.35722571537343, 35.9120438374992], [-5.35729832529952, 35.9120987167577], [-5.35743863136711, 35.9121590577786], [-5.357686476554, 35.9122263324041], [-5.35787085666438, 35.9123150845334], [-5.3579646785093, 35.9123605737261], [-5.3580670990281, 35.9124396775533], [-5.35810117482176, 35.9124570261815], [-5.35818348475631, 35.9125816022441], [-5.3582273126607, 35.9126170364496], [-5.35824061311679, 35.9126278122922], [-5.35829369636358, 35.9126898655768], [-5.35834207333657, 35.9127204454815], [-5.35839357105687, 35.9127656623355], [-5.35841493568927, 35.9127843830614], [-5.35860805461072, 35.9128977586401], [-5.35868781961806, 35.9129480260708], [-5.35884408156172, 35.9130215686228], [-5.35897800150598, 35.913030195219], [-5.35934666560699, 35.9130860458033], [-5.35954670245445, 35.9131745285015], [-5.3596641410082, 35.9132127962538], [-5.35984747637789, 35.9132993173341], [-5.35996157230043, 35.9133984925908], [-5.36006897397751, 35.9135067737218], [-5.36010219816829, 35.913562460999], [-5.36011461108888, 35.9135885232221], [-5.36013837601973, 35.9136383587783], [-5.36018056090546, 35.9137299423897], [-5.36018836546864, 35.9137703292154], [-5.36016690381819, 35.9138406392458], [-5.36016584470448, 35.9138631822406], [-5.36014886564731, 35.9139018047017], [-5.36013991663045, 35.9139222850897], [-5.36008524067068, 35.9139593978673], [-5.36006300377413, 35.9139801387011], [-5.36002693372051, 35.9140011196191], [-5.35989955890144, 35.9141545905214], [-5.35983609112998, 35.9142263945816], [-5.35982052152948, 35.9142440505682], [-5.35981535262335, 35.9142914491756], [-5.3597861340204, 35.9143100778703], [-5.35977764583929, 35.9143170004245], [-5.3597978714079, 35.9143323690021], [-5.35977771860282, 35.9144003627721], [-5.35975918725683, 35.9144885988194], [-5.35981784814319, 35.9145618416483], [-5.35982931783276, 35.9145751272349], [-5.35984932061916, 35.914583743476], [-5.35991736890026, 35.9146026776681], [-5.35996080603751, 35.9145950676149], [-5.3599858968817, 35.9145788093085], [-5.36003423792211, 35.9145147575001], [-5.36008038617487, 35.9144710265544], [-5.36010053448837, 35.9144143075372], [-5.36011407389635, 35.9143689774017], [-5.36011088128383, 35.9143555273563], [-5.36015010891565, 35.9143231903443], [-5.36017361153842, 35.9143114652913], [-5.3602116012918, 35.9143084692766], [-5.36021758137664, 35.9142294902726], [-5.36030095311986, 35.9141331833041], [-5.36030174633223, 35.914090343388], [-5.3603808196368, 35.9140121753777], [-5.36046167969047, 35.9140421516375], [-5.36049276409427, 35.9140640667049], [-5.36052704111055, 35.9140859133771], [-5.3605727473922, 35.9141210835383], [-5.36061952805895, 35.9141336976769], [-5.36067364436829, 35.9141731901467], [-5.36069043208431, 35.9141661002451], [-5.36069695654823, 35.9141299042685], [-5.36069665381598, 35.9141073882688], [-5.36071756569748, 35.9141002212417], [-5.36074832580942, 35.9140861003558], [-5.36077660746954, 35.9140832542064], [-5.3608817238325, 35.914135279355], [-5.36100663277611, 35.9142026563385], [-5.36107929929608, 35.9142598578676], [-5.36121416247139, 35.9143225326472], [-5.3613071929005, 35.9144243803312], [-5.36136019170566, 35.9144841804715], [-5.36137743846079, 35.9145041092338], [-5.36139176569124, 35.9145195919987], [-5.36142364869732, 35.9145685495566], [-5.36149092352894, 35.9146528843575], [-5.36150548342307, 35.914663856358], [-5.36155662181724, 35.9147078920354], [-5.36162781420184, 35.914760583197], [-5.36164555323376, 35.9147985562572], [-5.3616683794251, 35.9148318912548], [-5.36168017969467, 35.914856470341], [-5.36169909821458, 35.9148988856888], [-5.36172179774347, 35.9149052348934], [-5.36177086192767, 35.9148907183716], [-5.36180144507152, 35.9148698482751], [-5.36186079227076, 35.9148754372069], [-5.36188483028946, 35.9148794663012], [-5.36194518809341, 35.9148715056022], [-5.36197340507477, 35.9148664659599], [-5.36201137147196, 35.9148612116941], [-5.36201592772707, 35.9149693016639], [-5.36218678370085, 35.9148915790466], [-5.36228633589895, 35.9148738198944], [-5.36233709340745, 35.9148705678082], [-5.36241597537088, 35.9148667664323], [-5.36256165695713, 35.9148887089175], [-5.36259274854741, 35.9148971024986], [-5.362694749553, 35.9149266251685], [-5.36274822087196, 35.914932310131], [-5.36279667779502, 35.9149539361202], [-5.36289989871274, 35.9149901906501], [-5.36295254986985, 35.9150252272705], [-5.36310078626478, 35.91511920359], [-5.36315668123838, 35.9151947339266], [-5.36319376548996, 35.9152300367334], [-5.36323829587688, 35.9152719891704], [-5.36329348836794, 35.9152889203016], [-5.36331789649255, 35.9153290160461], [-5.36334505166527, 35.915357757186], [-5.36336237387887, 35.9153686796167], [-5.36339783846798, 35.9153860356055], [-5.36343044371953, 35.9153989056334], [-5.36345753780682, 35.9154253950395], [-5.36348757477497, 35.9154563703911], [-5.36354841587255, 35.9154776979496], [-5.36361637701706, 35.915503419785], [-5.36367531009294, 35.9155766187502], [-5.36368861144736, 35.915603384558], [-5.36370148969525, 35.9156166423235], [-5.36370966166941, 35.9156953784032], [-5.36371330254125, 35.9157696670273], [-5.36371370408818, 35.9157831706693], [-5.36374420728196, 35.9158434172116], [-5.3637865960853, 35.9158470854031], [-5.36380324096918, 35.9158490111673], [-5.36383572225323, 35.9158461177922], [-5.36385973781404, 35.9158501657527], [-5.3638784622978, 35.9158632954321], [-5.36388843449578, 35.915883402091], [-5.36389037575511, 35.9159013821847], [-5.36387619405173, 35.9159151739047], [-5.36382061169182, 35.9159545934601], [-5.36380938544573, 35.9159615718899], [-5.36380663121106, 35.9160788097104], [-5.36385227371235, 35.9162041039559], [-5.36386550589646, 35.9162421294325], [-5.3638659074434, 35.916255637359], [-5.3639053273147, 35.9162526072243], [-5.36391945691581, 35.9162500768981], [-5.36395870071731, 35.9163372101407], [-5.36397433769145, 35.9163616774482], [-5.36398576516019, 35.9163727146887], [-5.36405100890095, 35.9164931027939], [-5.36406539901349, 35.9165108513974], [-5.36410852353702, 35.9165528300734], [-5.36410156878009, 35.9165754886985], [-5.36410228204242, 35.9166115482374], [-5.36411509201839, 35.9166225541598], [-5.36417341334158, 35.9166507229992], [-5.36422813781037, 35.9166518935784], [-5.36423805341446, 35.9166471959837], [-5.364255081879, 35.9166491137256], [-5.36436303871489, 35.9167055415879], [-5.36436780966737, 35.9167370133336], [-5.36435677476243, 35.9167620057859], [-5.36439716481422, 35.9168265592172], [-5.364435466283, 35.9168461134452], [-5.3644597513384, 35.916859146927], [-5.36455513535357, 35.9169226177335], [-5.36457073819176, 35.9169358221692], [-5.36460202741139, 35.9169509712554], [-5.36461740477244, 35.9169551704829], [-5.36463030907148, 35.9169594591948], [-5.36464518786753, 35.9170042072878], [-5.36462290695356, 35.9170249545985], [-5.36456074263758, 35.9170171345261], [-5.36453138928736, 35.9170312607091], [-5.36445323226436, 35.9170936473792], [-5.36444009619998, 35.9171524597188], [-5.36451853170067, 35.9171351492235], [-5.36453991429938, 35.9171437382677], [-5.36454031674465, 35.917157282416], [-5.36451544239442, 35.917193804389], [-5.36456597442578, 35.9171928084214], [-5.36460827429587, 35.9171942292576], [-5.36465615270391, 35.9171865299694], [-5.36469913080204, 35.9171406019499], [-5.3647157199904, 35.9171177543326], [-5.36472976425153, 35.9171017118893], [-5.36473512360051, 35.9170835516445], [-5.36477840802419, 35.9170601772892], [-5.36481950145684, 35.9170683771207], [-5.36485160634677, 35.9171443537455], [-5.36485753702428, 35.9171825628314], [-5.36486757839253, 35.9171936239654], [-5.36489700001474, 35.9171817858455], [-5.36492796494256, 35.9171631381842], [-5.36497725550222, 35.9171554301627], [-5.36502196195894, 35.9171455388677], [-5.36506155879836, 35.91714926229], [-5.36508900592355, 35.9171870072191], [-5.3651167207467, 35.9172450555993], [-5.36512291822384, 35.9172900152373], [-5.36511452077257, 35.9172991862757], [-5.36509402481103, 35.9173311204837], [-5.36507460143796, 35.9173540815314], [-5.36504534780074, 35.9173951801969], [-5.36506131086333, 35.9174084136542], [-5.36513724365769, 35.9174114422895], [-5.36521604746766, 35.9173828073852], [-5.36527469128604, 35.9173523711478], [-5.36530551877164, 35.9173405054063], [-5.36533807910743, 35.9173646384749], [-5.36534615496184, 35.9174140635177], [-5.36536050195525, 35.9174317951817], [-5.36538882763279, 35.9174402466939], [-5.36540971525977, 35.9174443418611], [-5.36542255038853, 35.9174440886868], [-5.3654449355071, 35.9174413757931], [-5.3654604512087, 35.9174388338647], [-5.36548866010526, 35.917445034453], [-5.36549752557878, 35.9174629145225], [-5.36550102361851, 35.917498860165], [-5.36549043427792, 35.91754867216], [-5.36550757952346, 35.9175550946306], [-5.36552134440855, 35.9175525694386], [-5.36556503127743, 35.917542699291], [-5.36558249722153, 35.9174905163308], [-5.36559341983707, 35.9174610251733], [-5.36562494351701, 35.9174040638556], [-5.36567550609107, 35.9173918089024], [-5.36569793702373, 35.9173891127397], [-5.36571789848766, 35.9173864660477], [-5.36572758412303, 35.917374977163], [-5.36573599415073, 35.9173883634014], [-5.36572924959959, 35.9174065141185], [-5.36574250693655, 35.9174332771246], [-5.36580287013038, 35.9174140686102], [-5.36582230607988, 35.9174159565056], [-5.3658716128092, 35.9174082106781], [-5.36592070304451, 35.9173937317188], [-5.36593338276475, 35.9173776806013], [-5.36595588017272, 35.9173772368184], [-5.36601228898269, 35.9173761259061], [-5.3660813748179, 35.9173815553354], [-5.36612931880296, 35.9173760684325], [-5.36619559111472, 35.9173793044103], [-5.36622246601305, 35.9173877835736], [-5.36624832761179, 35.91741880399], [-5.36627091305465, 35.9174318701155], [-5.36631051797892, 35.9174243163529], [-5.36634085498436, 35.9173967079738], [-5.36639014015412, 35.9173889803323], [-5.36650598689314, 35.9173957069162], [-5.36660212459487, 35.9174140787955], [-5.36662606649382, 35.9174293718375], [-5.36664603963585, 35.9174470322019], [-5.36667351910039, 35.9174757492918], [-5.36669621593436, 35.9174933390771], [-5.36669665610883, 35.9175203937861], [-5.36673071573285, 35.917535486742], [-5.36675189351566, 35.9175485819486], [-5.36676792125697, 35.9175753289014], [-5.3667752991204, 35.9176022075247], [-5.36677742004277, 35.9176382382227], [-5.36678196821305, 35.9176629233808], [-5.36678917449826, 35.9176717902766], [-5.36684160826308, 35.917688811833], [-5.36688480105858, 35.917663148909], [-5.36690444901047, 35.9176469959947], [-5.3669362349985, 35.917621594961], [-5.36697369833908, 35.9175780279678], [-5.36703071261353, 35.9175273364298], [-5.36710602018044, 35.9175686634438]]]}}]}